feature,importance
log_range_length,0.08351036918850055
class_final_AVES,0.07859273704319217
log_range_area,0.07599276616980243
class_final_MAGNOLIOPSIDA,0.07449740634479109
class_final_ACTINOPTERYGII,0.056470153279145306
order_final_PASSERIFORMES,0.05082244546219262
order_final_PERCIFORMES,0.030357527705101098
order_final_ASPARAGALES,0.022031289836986146
class_final_REPTILIA,0.019101611150760964
order_final_ASTERALES,0.017896605010257898
class_final_LILIOPSIDA,0.015192468789473071
family_final_ORCHIDACEAE,0.014611371526043495
order_final_LAURALES,0.01410698799415134
class_final_AMPHIBIA,0.01303172326014084
order_final_ANGUILLIFORMES,0.012917520312679863
order_final_SQUAMATA,0.012903079680245892
order_final_CHARACIFORMES,0.012803612574822527
family_final_ASTERACEAE,0.012739991160561489
order_final_ODONATA,0.012199849456041746
order_final_GOBIIFORMES,0.011849388701009862
order_final_GENTIANALES,0.009676234808053687
order_final_ERICALES,0.009428459868576823
family_final_RUBIACEAE,0.009421624728256276
order_final_MALVALES,0.008901434228639715
class_final_INSECTA,0.008884334113144881
order_final_LEPIDOPTERA,0.00869953298392242
family_final_DIPTEROCARPACEAE,0.008395247394073477
family_final_ACROPORIDAE,0.008006569332186585
family_final_LAURACEAE,0.00789125194452639
order_final_LAMIALES,0.0076000630654669025
yrcompiled,0.007457685290515601
family_final_LABRIDAE,0.007419508313231646
family_final_AIZOACEAE,0.0070815203152479935
family_final_GOBIIDAE,0.006973111208889196
family_final_LYCAENIDAE,0.006816315261625109
order_final_PLEURONECTIFORMES,0.005924994257630789
order_final_MYRTALES,0.0055511304382004165
family_final_CAMPANULACEAE,0.0055326801973078
order_final_ANURA,0.005361915419829667
family_final_MYRTACEAE,0.005329564748213876
family_final_CONIDAE,0.00489925360273017
class_final_CEPHALOPODA,0.004701086901556528
order_final_MAGNOLIALES,0.0046874498866027
family_final_MAGNOLIACEAE,0.004544983827520118
order_final_SCORPAENIFORMES,0.0045214162547486956
family_final_GESNERIACEAE,0.004496748184296941
order_final_SILURIFORMES,0.004428871037118203
log_num_spatial_records,0.004328336857222231
family_final_STRABOMANTIDAE,0.004233338746518465
order_final_NEOGASTROPODA,0.0041271496506457344
family_final_NYMPHALIDAE,0.004093503411922363
order_final_LITTORINIMORPHA,0.0039054493829255078
family_final_COLUBRIDAE,0.003760318232653411
order_final_NOT ASSIGNED,0.0036891944292421963
family_final_HYDROBIIDAE,0.003684262850129053
has_terrestrial,0.0036425772796874287
order_final_CAPRIMULGIFORMES,0.003591844680912556
order_final_CAUDATA,0.0033801696510333467
order_final_TETRAODONTIFORMES,0.0032812358590217704
family_final_CHARACIDAE,0.003277801840855552
order_final_PICIFORMES,0.0031518362915968863
family_final_MYCTOPHIDAE,0.002788132838058815
order_final_OPHIDIIFORMES,0.0027773128750889697
family_final_BLENNIIDAE,0.002751220100802766
family_final_LIBELLULIDAE,0.0026636507719329005
has_freshwater,0.0026620112039323868
order_final_AULOPIFORMES,0.0026430683768622126
order_final_STOMIIFORMES,0.002593128893992026
family_final_ACANTHACEAE,0.0024022236083082044
class_final_CYCADOPSIDA,0.002397598452974249
family_final_BROMELIACEAE,0.002160889390958741
family_final_SYRPHIDAE,0.0020325145240913064
order_final_CYCADALES,0.0019433116213322887
order_final_MYCTOPHIFORMES,0.001875616258545888
order_final_CYPRINIFORMES,0.001821567169503663
family_final_OPHICHTHIDAE,0.0018108972745723819
order_final_PRIMATES,0.0015297326907977094
order_final_PANDANALES,0.001527417058954193
family_final_MUSCICAPIDAE,0.0014775787155182345
family_final_MURAENIDAE,0.0014712158002133423
order_final_POALES,0.0014425553446865533
family_final_TROCHILIDAE,0.0014391551356248498
family_final_TYRANNIDAE,0.0014389025219987892
order_final_DIPTERA,0.0014088305377088872
family_final_LORICARIIDAE,0.0013996678405891897
order_final_CYPRINODONTIFORMES,0.0013730288135954713
family_final_CYPERACEAE,0.0013582088165548158
family_final_SAPOTACEAE,0.001324605581350468
family_final_STOMIIDAE,0.0011517701479050763
order_final_PROTEALES,0.0011023280609683312
order_final_POLYPODIALES,0.0010868978788612493
order_final_ZINGIBERALES,0.0010659311479387604
order_final_CARYOPHYLLALES,0.0010371854341834578
family_final_COENAGRIONIDAE,0.001018213317902974
family_final_CERCOPITHECIDAE,0.0010100238844827525
family_final_SCORPAENIDAE,0.000986056125242012
family_final_MALVACEAE,0.0009824108435909217
family_final_SCIAENIDAE,0.0009604593026852868
family_final_GOMPHIDAE,0.0009455184351502387
order_final_ARTIODACTYLA,0.0009298388068184958
order_final_MALPIGHIALES,0.0009272934762529014
family_final_ELAPIDAE,0.0008667096101221528
family_final_APOGONIDAE,0.0008612710240052723
order_final_LOPHIIFORMES,0.0007556415203970137
family_final_FURNARIIDAE,0.0007530039794717172
order_final_ARECALES,0.000732863940765819
order_final_AGARICALES,0.000709928623494175
order_final_SCLERACTINIA,0.0007047205262484237
family_final_CARYOPHYLLACEAE,0.0007020160891325864
family_final_FABACEAE,0.000698643607349324
family_final_DIPSADIDAE,0.000698128001356189
family_final_ELEUTHERODACTYLIDAE,0.0006935582002640824
family_final_PICIDAE,0.0006909655956738364
order_final_SALMONIFORMES,0.0006876197312754178
family_final_TRIPTERYGIIDAE,0.0006810259933917168
family_final_OPHIDIIDAE,0.0006802107150283818
family_final_CONGRIDAE,0.0006754344244217284
family_final_POACEAE,0.0006629428188230791
family_final_CYPRINIDAE,0.0006628289980503228
family_final_MORACEAE,0.0006597429785545112
order_final_FABALES,0.0006575172582593036
family_final_ZAMIACEAE,0.0006499030948987766
family_final_POMACENTRIDAE,0.0006484611040440359
family_final_PROTEACEAE,0.0006452489992947612
family_final_RIVULIDAE,0.0006287761294928311
order_final_BERYCIFORMES,0.0006287236785183928
family_final_PLETHODONTIDAE,0.000618982300609387
family_final_LEPTODACTYLIDAE,0.0006171193298671031
class_final_MAMMALIA,0.0006058807172670435
order_final_APIALES,0.0006007688122630707
family_final_COLUMBIDAE,0.0005725342853862841
order_final_EULIPOTYPHLA,0.0005636639913445467
family_final_BEGONIACEAE,0.0005585724844425469
family_final_LENTIBULARIACEAE,0.0005525455252935298
family_final_SCINCIDAE,0.0005486004744718692
family_final_HESPERIIDAE,0.0005317898454146927
family_final_MICROHYLIDAE,0.0005172802794608658
family_final_SIPARUNACEAE,0.0005100640312805617
order_final_CLUPEIFORMES,0.0004965079008477838
order_final_SYNGNATHIFORMES,0.0004959985308006624
family_final_LACERTIDAE,0.0004907352609871758
order_final_ORTHOPTERA,0.00048377255083017573
family_final_TURDIDAE,0.00047473926909830094
has_marine,0.00046212319124085653
family_final_THRAUPIDAE,0.00046169580369067806
family_final_THAMNOPHILIDAE,0.0004411808873650866
family_final_NECTARINIIDAE,0.0004295343892396404
order_final_GADIFORMES,0.0004278053110850308
family_final_BALSAMINACEAE,0.0004199140512657577
family_final_CHAMAELEONIDAE,0.0003874213471186822
family_final_DELPHINIDAE,0.00037877357790217116
family_final_HAEMULIDAE,0.00036711685270117395
family_final_LUTJANIDAE,0.0003654921614937023
family_final_PAPILIONIDAE,0.0003555149860261904
family_final_MELASTOMATACEAE,0.0003530062085124965
order_final_CUCURBITALES,0.00034954206533630385
family_final_DRYOPTERIDACEAE,0.0003473159802131971
family_final_LEPILEMURIDAE,0.000337557522330228
family_final_OSPHRONEMIDAE,0.00033441375894297724
family_final_AESHNIDAE,0.00031996940022731464
family_final_COTTIDAE,0.00031337125329663617
family_final_ANTHIADIDAE,0.00030557712882019346
family_final_PARALICHTHYIDAE,0.00029284767089880705
family_final_GALAXIIDAE,0.0002854546821691249
family_final_POECILIIDAE,0.0002764951055986372
family_final_CRAUGASTORIDAE,0.00027110646718783894
family_final_CISTICOLIDAE,0.0002707072892094465
family_final_PLATYSTICTIDAE,0.00026926850128004864
family_final_ESTRILDIDAE,0.0002641486854281835
family_final_AGAMIDAE,0.0002610774326158026
family_final_CICHLIDAE,0.0002609307398005487
order_final_HEMIPTERA,0.0002512306369785662
family_final_NYCTIBATRACHIDAE,0.0002487920107290993
family_final_GEOEMYDIDAE,0.00024319671789474538
family_final_EUBLEPHARIDAE,0.00024124737587929082
family_final_EUPHORBIACEAE,0.00024103443368456197
family_final_PIERIDAE,0.00023028267601117477
family_final_ANNONACEAE,0.0002214292939326962
order_final_OCTOPODA,0.00021592839788837342
family_final_PITHECIIDAE,0.00021521914512615605
family_final_ATHEROSPERMATACEAE,0.0002098261354772997
family_final_PSITTACIDAE,0.00020979728928632467
family_final_LIOLAEMIDAE,0.00020329790439800323
family_final_PHRYMACEAE,0.00020049999131690452
class_final_GASTROPODA,0.0001984036016336886
order_final_ROSALES,0.00019689153340249514
family_final_PANDANACEAE,0.0001965136255726918
family_final_JUNCACEAE,0.0001962434811461399
family_final_SERRANIDAE,0.00019553089706226057
family_final_MORMYRIDAE,0.00019359922559611126
class_final_BRYOPSIDA,0.00019225632758442104
family_final_ZINGIBERACEAE,0.00018951886057069333
class_final_MALACOSTRACA,0.00018921809951682051
family_final_CARANGIDAE,0.00018766055494312366
order_final_ATHERINIFORMES,0.00018391289266939082
family_final_MEGOPHRYIDAE,0.00017980781542725386
family_final_PYCNONOTIDAE,0.00017828931482176549
family_final_DORADIDAE,0.00017811357525135573
family_final_PLATYCNEMIDIDAE,0.00017690398212239362
family_final_HEMIPHRACTIDAE,0.0001724340321433731
order_final_CICHLIFORMES,0.00016989800209250255
family_final_HYLOBATIDAE,0.00016496436111050215
order_final_GALLIFORMES,0.00015857706873888969
family_final_CACTACEAE,0.00015469099389105813
family_final_NOTHOBRANCHIIDAE,0.00015259561354727307
order_final_GRUIFORMES,0.00015220261247255555
family_final_NOCTUIDAE,0.000151862660641835
family_final_CALCEOLARIACEAE,0.0001492684993173716
family_final_SARCOLAENACEAE,0.0001487578655075969
family_final_SALMONIDAE,0.0001481163516854998
class_final_ARACHNIDA,0.00014506205973428138
family_final_ARECACEAE,0.00014237850338634972
order_final_TESTUDINES,0.00014236402114941116
order_final_ACCIPITRIFORMES,0.00013451050593489764
family_final_PSEUDOCHROMIDAE,0.0001328156010028749
family_final_VOCHYSIACEAE,0.00012985020869239747
order_final_CORACIIFORMES,0.00012670003905023374
family_final_PELODRYADIDAE,0.00012528729028150483
family_final_ATRACTASPIDIDAE,0.00012461902004805387
family_final_ATELIDAE,0.00012406901188968827
family_final_MYRISTICACEAE,0.00012195455676768659
family_final_VESPERTILIONIDAE,0.00012052623690619646
family_final_IGUANIDAE,0.00011872985107506368
family_final_DIPLODACTYLIDAE,0.00011847963460175771
family_final_CLAUSILIIDAE,0.00011790239961410043
family_final_HYNOBIIDAE,0.00011647848529202547
order_final_GYMNOPHIONA,0.00011389742504808456
family_final_TETTIGONIIDAE,0.00011296170294958456
family_final_ENGRAULIDAE,0.00011106003235307098
family_final_GEKKONIDAE,0.00011063582565084069
family_final_NATRICIDAE,0.00010876369384490798
family_final_GOODEIDAE,0.00010790689253255479
family_final_OXYCHILIDAE,0.00010615638043748942
family_final_TROPIDOPHIIDAE,0.00010429976942996383
family_final_CRACIDAE,0.00010278516275975795
order_final_RODENTIA,0.00010026463728344837
order_final_ACIPENSERIFORMES,9.942323781483767e-05
family_final_RAPHITOMIDAE,9.902733638488423e-05
class_final_GNETOPSIDA,9.855929365562029e-05
family_final_BUCEROTIDAE,9.81611534087938e-05
family_final_CAMBARIDAE,9.674531141525533e-05
family_final_MELAMPHAIDAE,9.325033165382752e-05
family_final_BIGNONIACEAE,9.305628997334182e-05
family_final_LEUCISCIDAE,9.263507505350688e-05
family_final_UROPELTIDAE,9.01949994546418e-05
family_final_STILBACEAE,8.848627511446338e-05
family_final_PROCELLARIIDAE,8.724796581942048e-05
family_final_TRIAKIDAE,8.699101301681348e-05
family_final_SCROPHULARIACEAE,8.580506422062111e-05
family_final_OGCOCEPHALIDAE,8.535997442293636e-05
family_final_ONAGRACEAE,8.524936332613266e-05
family_final_CENTROLENIDAE,8.484301726101526e-05
family_final_CACATUIDAE,8.483444242691526e-05
family_final_DENDROBATIDAE,8.193144581612314e-05
family_final_CHLOROGOMPHIDAE,8.17060325399005e-05
family_final_SPHAERODACTYLIDAE,8.076706716274616e-05
family_final_ASPARAGACEAE,8.048579398054483e-05
order_final_PSITTACIFORMES,8.0271882279833e-05
family_final_ACCIPITRIDAE,7.928987615970644e-05
family_final_CORDYLIDAE,7.920206645952516e-05
family_final_BUFONIDAE,7.861523113197293e-05
family_final_CANNABACEAE,7.806789793538516e-05
family_final_ANGUILLIDAE,7.776837085816421e-05
family_final_MONIMIACEAE,7.719483709486872e-05
order_final_CUCULIFORMES,7.674907658463405e-05
family_final_PTYCHADENIDAE,7.65016548647793e-05
family_final_CHLOROCYPHIDAE,7.631832657502303e-05
family_final_AMARYLLIDACEAE,7.554763190345122e-05
family_final_CHELONIIDAE,7.53607640274614e-05
order_final_ALISMATALES,7.521181907944172e-05
family_final_CHAETODONTIDAE,7.466963375753473e-05
family_final_LEPTOTYPHLOPIDAE,7.421336635503378e-05
family_final_ANOSTOMIDAE,7.412257039073788e-05
family_final_ASPHODELACEAE,7.363180811334499e-05
family_final_ARGOPHYLLACEAE,7.195712469350818e-05
family_final_CLUSIACEAE,7.058558884123589e-05
family_final_MOITESSIERIIDAE,7.035978573885348e-05
family_final_CALLICHTHYIDAE,6.950146781105232e-05
family_final_PHYLLOSTOMIDAE,6.947439347300981e-05
family_final_TIMALIIDAE,6.870624225454061e-05
family_final_SCOTOCERCIDAE,6.75170542115276e-05
order_final_ASPIDOCHIROTIDA,6.720314464767588e-05
family_final_SYNTHEMISTIDAE,6.640753788474021e-05
order_final_COLEOPTERA,6.613734311998424e-05
family_final_ELEOTRIDAE,6.595756985182151e-05
family_final_APOCYNACEAE,6.525324929510716e-05
family_final_SORICIDAE,6.524883278043527e-05
family_final_SILURIDAE,6.515070132505609e-05
family_final_MYOBATRACHIDAE,6.493996389379876e-05
family_final_SCYLLARIDAE,6.472679808362564e-05
order_final_STRIGIFORMES,6.464352188582848e-05
family_final_ANGUIDAE,6.408123382383546e-05
family_final_MACROURIDAE,6.399673925751008e-05
family_final_SALAMANDRIDAE,6.109211640936101e-05
family_final_CYPRINODONTIDAE,6.0764393290655674e-05
family_final_SPHAEROSEPALACEAE,5.8158550366611214e-05
family_final_MENYANTHACEAE,5.8082994869024846e-05
family_final_HIRUNDINIDAE,5.8075187161244045e-05
family_final_CRAMBIDAE,5.750703745027523e-05
family_final_PTEROPODIDAE,5.728678657585408e-05
family_final_GEOMETRIDAE,5.708171218305006e-05
family_final_OCHNACEAE,5.705799137818348e-05
family_final_STURNIDAE,5.699770010719875e-05
family_final_LAMPROPHIIDAE,5.5998520434401705e-05
family_final_CALLITRICHIDAE,5.4781361375310755e-05
family_final_MACROMIIDAE,5.450619427136565e-05
family_final_ARACEAE,5.364052920603413e-05
order_final_GYMNOTIFORMES,5.363073523528049e-05
family_final_AFROTHISMIACEAE,5.3252986178541143e-05
class_final_DIPLOPODA,5.298926787968922e-05
family_final_GEOMYIDAE,5.281584380946668e-05
family_final_TINEIDAE,5.252272987728039e-05
family_final_LORISIDAE,5.091242013926027e-05
family_final_CYCADACEAE,5.0866955786950837e-05
family_final_TEIIDAE,5.0278902463123635e-05
family_final_GRACILLARIIDAE,4.950912622108772e-05
family_final_COMBRETACEAE,4.7946861866396574e-05
family_final_TESTUDINIDAE,4.753137848448287e-05
family_final_SABIACEAE,4.6997772287207015e-05
family_final_PARODONTIDAE,4.6877713633305165e-05
family_final_GOODENIACEAE,4.67200686503493e-05
family_final_CERATOBATRACHIDAE,4.66735679629044e-05
family_final_PEDALIACEAE,4.581554070418244e-05
order_final_ELLOBIIDA,4.517854084946191e-05
family_final_CAMPEPHAGIDAE,4.5141493910109575e-05
family_final_HYDROBATIDAE,4.5058349602087806e-05
family_final_PLANTAGINACEAE,4.481165269764852e-05
family_final_CORNACEAE,4.401635488965451e-05
family_final_VERBENACEAE,4.335465956021501e-05
family_final_AMPHILIIDAE,4.332003854471529e-05
family_final_BRASSICACEAE,4.3254532755030266e-05
family_final_MONTIACEAE,4.295676808792245e-05
family_final_PSAMMOPHIIDAE,4.262969619621607e-05
family_final_URTICACEAE,4.227451623331208e-05
family_final_THYMELAEACEAE,4.2066751990979543e-05
family_final_TYPHACEAE,4.137536846756093e-05
family_final_CHEIROGALEIDAE,4.032061476498544e-05
family_final_BIXACEAE,3.9807122183766136e-05
family_final_CURCULIONIDAE,3.971836310844198e-05
family_final_COMMELINACEAE,3.957201072022751e-05
order_final_STYLOMMATOPHORA,3.944303893621805e-05
order_final_RAJIFORMES,3.9391808781648116e-05
family_final_COBITIDAE,3.9249555891741306e-05
order_final_CHIROPTERA,3.9074634186420506e-05
family_final_ZOPHERIDAE,3.8551659820333114e-05
family_final_DROSERACEAE,3.849933121809582e-05
family_final_BALAENIDAE,3.847961417842647e-05
family_final_HUMIRIACEAE,3.798967889762334e-05
family_final_HYGROPHORACEAE,3.7866932452271984e-05
family_final_MIMIDAE,3.769735297688096e-05
family_final_ELAEAGNACEAE,3.709978279785352e-05
family_final_HOPLOCERCIDAE,3.67776550588431e-05
family_final_GLAUCOSTEGIDAE,3.659638288828059e-05
family_final_RANIDAE,3.570817749387988e-05
family_final_TELMATOBIIDAE,3.5493291363088537e-05
family_final_OROBANCHACEAE,3.542698811796345e-05
family_final_MELANOTAENIIDAE,3.534798678941808e-05
family_final_ROSACEAE,3.477522081214461e-05
family_final_CORDULEGASTRIDAE,3.412491438960094e-05
order_final_CARNIVORA,3.405274587849364e-05
family_final_CHLOROPSEIDAE,3.375222358262154e-05
family_final_CURIMATIDAE,3.342554290308038e-05
family_final_ALSTROEMERIACEAE,3.3034519541485526e-05
family_final_BREVICIPITIDAE,3.266257718371336e-05
family_final_CERVIDAE,3.239195214010966e-05
family_final_LOGANIACEAE,3.163802436141648e-05
family_final_CARABIDAE,3.15966154485624e-05
family_final_FORMICIDAE,3.1328895888890175e-05
family_final_GOBIONIDAE,3.097481113818813e-05
family_final_CAECILIIDAE,2.931984403720166e-05
family_final_CEBIDAE,2.9144256029100743e-05
family_final_PHYLLODACTYLIDAE,2.908508484565913e-05
family_final_BYTHITIDAE,2.878173702155014e-05
family_final_SITTIDAE,2.8712240134577708e-05
family_final_IGUANODECTIDAE,2.8661589820803274e-05
family_final_ARISTOLOCHIACEAE,2.8057985987539732e-05
family_final_LIMNODYNASTIDAE,2.7698687893336302e-05
family_final_MUSACEAE,2.7539716622390754e-05
family_final_PYGOPODIDAE,2.6993205795483e-05
family_final_CRYPTERONIACEAE,2.694862999454152e-05
family_final_AEGOTHELIDAE,2.6792857480421266e-05
family_final_ALCIDAE,2.6773456437588886e-05
order_final_PIPERALES,2.6754720445527825e-05
family_final_LATIDAE,2.6749806123644366e-05
family_final_BERBERIDACEAE,2.6558309667844473e-05
family_final_PLATYSTEIRIDAE,2.6498101440463586e-05
family_final_PERCICHTHYIDAE,2.6416339881475794e-05
order_final_CHARADRIIFORMES,2.5903634111577248e-05
family_final_ODONTOBUTIDAE,2.5802591291747266e-05
family_final_OTARIIDAE,2.552705540149882e-05
family_final_BAGRIDAE,2.5471032542776898e-05
family_final_HELICONIACEAE,2.5294082479402003e-05
family_final_XANTUSIIDAE,2.5104389975132497e-05
family_final_DISTICHODONTIDAE,2.504862625356475e-05
family_final_SIPHONOPIDAE,2.4839021486024383e-05
family_final_SANTALACEAE,2.4825951607663254e-05
family_final_CORDULIIDAE,2.4739610383018944e-05
family_final_DERMOCHELYIDAE,2.4406551784435095e-05
class_final_BRANCHIOPODA,2.4142082017707283e-05
family_final_BYBLIDACEAE,2.385692150162391e-05
family_final_PENAEACEAE,2.3298685953774084e-05
family_final_PANDACEAE,2.314079332841415e-05
order_final_HYGROPHILA,2.3069777676623224e-05
order_final_GERANIALES,2.2885222834666367e-05
family_final_PHALACROCORACIDAE,2.2077218262239654e-05
family_final_ARTHROLEPTIDAE,2.1740739865386332e-05
family_final_PHYLLOMEDUSIDAE,2.1622064534497464e-05
family_final_MESITORNITHIDAE,2.1282448077951483e-05
family_final_SISORIDAE,2.1234767538757625e-05
family_final_SPHENISCIDAE,2.0754852712986543e-05
family_final_TETRAODONTIDAE,2.0690124965368592e-05
family_final_RHIPIDURIDAE,2.0220806562129256e-05
family_final_CALAMARIIDAE,1.991187113552919e-05
family_final_IRAVADIIDAE,1.9784250576707992e-05
family_final_RALLIDAE,1.9552902522820678e-05
family_final_EMBALLONURIDAE,1.9516944606636374e-05
family_final_BEDOTIIDAE,1.9213233241858062e-05
family_final_ACHARIACEAE,1.9124306879936568e-05
family_final_PERCIDAE,1.9121001224924125e-05
family_final_BOTIIDAE,1.9106702620908168e-05
family_final_CISTACEAE,1.9050438026643923e-05
family_final_CTENOMYIDAE,1.8785169792325772e-05
family_final_AUCHENIPTERIDAE,1.8759174731229568e-05
order_final_CHLORANTHALES,1.8733397209051043e-05
family_final_VIPERIDAE,1.840471944887365e-05
family_final_LINDERNIACEAE,1.8395142615429302e-05
family_final_RHACOPHORIDAE,1.830165634777995e-05
family_final_MICRODESMIDAE,1.823073459870292e-05
family_final_GENTIANACEAE,1.784263759614635e-05
family_final_MOLOSSIDAE,1.776925551328082e-05
family_final_PELODYTIDAE,1.762982421227646e-05
family_final_HYPERICACEAE,1.7390783772109295e-05
family_final_HARPAGOPHORIDAE,1.724709894481343e-05
family_final_ARALIACEAE,1.7240127119925278e-05
family_final_IRIDACEAE,1.7174782066630567e-05
family_final_BRACHIONICHTHYIDAE,1.713229370146974e-05
order_final_CATHARTIFORMES,1.709661143974036e-05
family_final_INDRIIDAE,1.6828586285679658e-05
family_final_LESTOIDEIDAE,1.6713259539964438e-05
family_final_SCIURIDAE,1.6487563820490885e-05
family_final_CORYTOPHANIDAE,1.6466359929783014e-05
family_final_HERNANDIACEAE,1.6361021813144794e-05
family_final_HYLIDAE,1.625325226903675e-05
family_final_PHELLINACEAE,1.6215320009703892e-05
family_final_GRALLARIIDAE,1.6152446930874183e-05
order_final_SOLANALES,1.582261692411994e-05
family_final_PSEUDOCHEIRIDAE,1.5713402398864857e-05
family_final_LABRISOMIDAE,1.547600421748975e-05
order_final_COMMELINALES,1.5355072567672762e-05
family_final_DANIONIDAE,1.5252158866423091e-05
family_final_KINOSTERNIDAE,1.5081826147847822e-05
family_final_RAJIDAE,1.4985029883144917e-05
family_final_SYNODONTIDAE,1.4779381838419914e-05
family_final_ARGIOLESTIDAE,1.4526160157373584e-05
family_final_AMBASSIDAE,1.4417907271449186e-05
family_final_LYTHRACEAE,1.4337561812491858e-05
family_final_ATHERINOPSIDAE,1.4301979619187002e-05
family_final_ARHYNCHOBATIDAE,1.425315271628312e-05
family_final_HEMISOTIDAE,1.4208384323054331e-05
family_final_SYNALLACTIDAE,1.4155356899574572e-05
family_final_PIPIDAE,1.385631448446549e-05
family_final_ANOLIDAE,1.3811969863058283e-05
family_final_CRICETIDAE,1.3768854357526585e-05
family_final_HYPEROLIIDAE,1.3737093699425755e-05
family_final_BITHYNIIDAE,1.3678937144901945e-05
family_final_LITHOGLYPHIDAE,1.3521292694426486e-05
family_final_ISOSTICTIDAE,1.33308521935436e-05
family_final_POMATIOPSIDAE,1.3175694045884014e-05
family_final_MOGOPLISTIDAE,1.3045859577190464e-05
family_final_CRENUCHIDAE,1.2756641327469086e-05
family_final_ANOMALEPIDIDAE,1.2624471514737641e-05
family_final_AMBYSTOMATIDAE,1.25474041223229e-05
family_final_POLYGALACEAE,1.2501833510927636e-05
family_final_PLOCEIDAE,1.2424406468131626e-05
family_final_EURYLAIMIDAE,1.2242947747002028e-05
family_final_MALPIGHIACEAE,1.2210802755273577e-05
family_final_PICRODENDRACEAE,1.2138892285122525e-05
family_final_PACHYCEPHALIDAE,1.1867197728314462e-05
family_final_LEIOSAURIDAE,1.1855725771577074e-05
family_final_CANIDAE,1.1554593367587158e-05
family_final_VANGIDAE,1.1493294526326574e-05
family_final_ODONTOPHRYNIDAE,1.1483125008703347e-05
family_final_ZOSTERACEAE,1.1429150461010245e-05
family_final_PROTEIDAE,1.1086451649980872e-05
family_final_SUNDADANIONIDAE,1.0982237789934918e-05
family_final_ROUSSEACEAE,1.092679212353591e-05
family_final_LEBIASINIDAE,1.0894285763734407e-05
family_final_APLOCHEILIDAE,1.0773526915597624e-05
order_final_BUCEROTIFORMES,1.0684596244981425e-05
family_final_CRYPTOBRANCHIDAE,1.0630922004257332e-05
family_final_POLYTHORIDAE,1.0522442755656945e-05
family_final_ERICACEAE,1.0300586753245376e-05
family_final_AMPHISBAENIDAE,1.018429017303573e-05
family_final_ALESTIDAE,1.016628241966734e-05
family_final_MANTELLIDAE,9.971439336127475e-06
family_final_MEPHITIDAE,9.589046707116032e-06
family_final_LOASACEAE,9.425701405993808e-06
family_final_CARYOCARACEAE,9.350228704340109e-06
order_final_ALLOGASTROPODA,9.276907193078065e-06
family_final_ODONTOPHORIDAE,9.209140667520603e-06
family_final_PHILOSINIDAE,9.200001588674606e-06
family_final_DENDROPHYLLIIDAE,9.13782280017075e-06
order_final_STRUTHIONIFORMES,8.890528719868227e-06
family_final_PSEUDOMUGILIDAE,8.823487459207778e-06
family_final_LOCUSTELLIDAE,8.798687483061874e-06
order_final_STEPHANOBERYCIFORMES,8.782791076014113e-06
family_final_AOTIDAE,8.733441304730019e-06
family_final_ASTELIACEAE,8.733213180367779e-06
family_final_PYXICEPHALIDAE,8.52057980654141e-06
family_final_CERATOPHRYIDAE,8.384541766013586e-06
family_final_BOVIDAE,8.370735130301538e-06
order_final_CELASTRALES,8.285981557305388e-06
family_final_PHYLLANTHACEAE,8.245453328266552e-06
family_final_CLAROTEIDAE,8.233377370088685e-06
family_final_ZOSTEROPIDAE,8.197723177148302e-06
family_final_CAPPARACEAE,8.0310692699021e-06
family_final_CYNODONTIDAE,7.85662722879212e-06
family_final_GASTROMYZONTIDAE,7.845777418130395e-06
family_final_ASSIMINEIDAE,7.84549231857627e-06
family_final_HEMIODONTIDAE,7.780556064605167e-06
family_final_ENTOLOMATACEAE,7.760296927048767e-06
family_final_PHASIANIDAE,7.646679627329362e-06
family_final_NESOMYIDAE,7.635440429602467e-06
family_final_ORIOLIDAE,7.629096218809131e-06
family_final_HERPELIDAE,7.612607188336169e-06
family_final_ESCALLONIACEAE,7.603802696311072e-06
family_final_COTINGIDAE,7.5556343645826255e-06
order_final_TROGONIFORMES,7.54331752214348e-06
family_final_PARADISAEIDAE,7.397010922364077e-06
family_final_OPISTOGNATHIDAE,7.367181442715353e-06
family_final_CENTROPLACACEAE,7.304643028584101e-06
family_final_BADIDAE,7.27199046553638e-06
family_final_PROCHILODONTIDAE,7.249560966720304e-06
family_final_PUTRANJIVACEAE,7.249111422474521e-06
family_final_ALYTIDAE,7.233694712875614e-06
family_final_CHILODONTIDAE,7.196532148753564e-06
family_final_BRYCONIDAE,7.152043306648147e-06
family_final_SERRASALMIDAE,7.0692175748524265e-06
family_final_PERILESTIDAE,6.800252170046789e-06
family_final_SCHILBEIDAE,6.785793424043179e-06
family_final_SALVADORACEAE,6.727788269040207e-06
family_final_ICHTHYOPHIIDAE,6.7198113088045335e-06
family_final_CITHARINIDAE,6.575144378387634e-06
family_final_INDOTYPHLIDAE,6.448329329919831e-06
family_final_PARADOXORNITHIDAE,6.403509759463738e-06
family_final_MARANTACEAE,6.330603350555276e-06
family_final_LYBIIDAE,6.316517028262709e-06
family_final_ANISOPHYLLEACEAE,6.285720196345876e-06
order_final_DIOSCOREALES,6.265153165138892e-06
family_final_BATRACHYLIDAE,6.07374749336974e-06
family_final_CINCLIDAE,6.0569836654260255e-06
family_final_MONACANTHIDAE,6.053521006380494e-06
family_final_CALOPTERYGIDAE,5.994177752479102e-06
family_final_RESTIONACEAE,5.9383635235447765e-06
family_final_COLCHICACEAE,5.8891412151865575e-06
family_final_NEPENTHACEAE,5.667118321485147e-06
family_final_MARCGRAVIACEAE,5.648057733799475e-06
family_final_NEMIPTERIDAE,5.619930339768047e-06
family_final_CYCLORAMPHIDAE,5.490451140163973e-06
family_final_NUMIDIDAE,5.3779121416338065e-06
family_final_VELLOZIACEAE,5.335044751055484e-06
family_final_ELATINACEAE,5.314136905596453e-06
family_final_CLETHRACEAE,5.28813943498145e-06
family_final_TYPHLOPIDAE,5.238727970792135e-06
family_final_SCOLECOMORPHIDAE,5.153367272528111e-06
family_final_MUSOPHAGIDAE,5.086261041665688e-06
family_final_ACROCEPHALIDAE,4.94462240738068e-06
family_final_TROPIDURIDAE,4.896848388900617e-06
family_final_LAMIACEAE,4.877327204985227e-06
family_final_CAPRIMULGIDAE,4.835544197975349e-06
family_final_DIODONTIDAE,4.806606620221652e-06
family_final_PLOTOSIDAE,4.776561593971715e-06
family_final_GALAGIDAE,4.764764599653451e-06
family_final_ASTROBLEPIDAE,4.76124758179097e-06
family_final_CARDINALIDAE,4.720632909308497e-06
family_final_CYLINDROPHIIDAE,4.652062517937198e-06
family_final_EPHEDRACEAE,4.561289484427996e-06
family_final_FAVIIDAE,4.561128664762419e-06
order_final_POLYZONIIDA,4.550550261126369e-06
family_final_PIPERACEAE,4.495777382259913e-06
family_final_ELATERIDAE,4.48844872663361e-06
family_final_EMBIOTOCIDAE,4.430152534716653e-06
family_final_POLYCHROTIDAE,4.317829659592347e-06
family_final_TORRICELLIACEAE,4.221336618073452e-06
family_final_MULLIDAE,3.909876353141864e-06
family_final_COCHLIOPIDAE,3.877717081423334e-06
family_final_TRIONYCHIDAE,3.856990080510728e-06
family_final_ARTAMIDAE,3.7834652772192994e-06
family_final_THRESKIORNITHIDAE,3.7758923654956158e-06
family_final_OLEACEAE,3.6914644260639303e-06
family_final_PIMELODIDAE,3.6710188782583054e-06
family_final_PHRYNOSOMATIDAE,3.6406304308112094e-06
family_final_POMACANTHIDAE,3.634324011550649e-06
family_final_MACROSPHENIDAE,3.6231997220171214e-06
family_final_POMATIIDAE,3.5296169862238573e-06
family_final_EUSCHMIDTIIDAE,3.520214479697367e-06
family_final_GLAREOLIDAE,3.5004909969976504e-06
family_final_ALLIGATORIDAE,3.364759920542339e-06
family_final_NATALIDAE,3.301734915293043e-06
family_final_PRIMULACEAE,3.161298937141267e-06
family_final_SURIANACEAE,3.0951815256716914e-06
family_final_VARANIDAE,3.0388841685042184e-06
family_final_PIPRIDAE,3.0294284387383237e-06
family_final_GERRHOSAURIDAE,2.9367317223750584e-06
family_final_PHILOGENIIDAE,2.916357716726101e-06
family_final_COLIIDAE,2.890993283530526e-06
order_final_NOTACANTHIFORMES,2.862638669606285e-06
family_final_CARPHODACTYLIDAE,2.8610647527358616e-06
family_final_RHIPIDOLESTIDAE,2.835636822769207e-06
family_final_LETHRINIDAE,2.802211486058641e-06
family_final_AUSTROPETALIIDAE,2.752606902861988e-06
family_final_CLINIDAE,2.7351813014819223e-06
family_final_STENOTHYRIDAE,2.7264961962331698e-06
order_final_SCANDENTIA,2.6796685944539243e-06
family_final_BLANIDAE,2.6613004631655563e-06
family_final_CHANNIDAE,2.6050181671668553e-06
family_final_PENTAPHYLACACEAE,2.528849554040552e-06
family_final_CALLAEIDAE,2.5173635803999358e-06
family_final_BALISTIDAE,2.501925876699666e-06
family_final_PETALURIDAE,2.479359055454377e-06
family_final_HETERAGRIONIDAE,2.4537787722676076e-06
family_final_VIDUIDAE,2.397258976664754e-06
family_final_MEGALAIMIDAE,2.39562695471323e-06
family_final_CORACIIDAE,2.3691161689597935e-06
family_final_COSTACEAE,2.3657525909452194e-06
family_final_PLESIOPIDAE,2.3371548253817643e-06
family_final_ERYTHRINIDAE,2.3065817529847024e-06
family_final_ECHIMYIDAE,2.275617203070579e-06
family_final_MEGAPODAGRIONIDAE,2.261307880764161e-06
family_final_THISMIACEAE,2.230942431306059e-06
family_final_RIODINIDAE,2.19377467859296e-06
family_final_RAMPHASTIDAE,2.1721961997786355e-06
order_final_CROCODYLIA,2.1619894270070152e-06
family_final_RETROPINNIDAE,2.1194956927799825e-06
family_final_TATEIDAE,2.0630421852893376e-06
family_final_BURHINIDAE,2.040774470918531e-06
family_final_PHALLOSTETHIDAE,2.01633007680728e-06
family_final_OTIDIDAE,2.00440037341382e-06
family_final_GERREIDAE,1.986938285201366e-06
family_final_PYTHONIDAE,1.9856018165737063e-06
family_final_DASYURIDAE,1.960550767472576e-06
family_final_TRIPORTHEIDAE,1.9447045346032174e-06
family_final_STENOSTIRIDAE,1.9046102632265178e-06
family_final_DINEMATICHTHYIDAE,1.8949404652935918e-06
family_final_STERCORARIIDAE,1.8546946035616506e-06
family_final_GASTEROPELECIDAE,1.799973701145907e-06
family_final_BOIDAE,1.7818081363774217e-06
family_final_HOMALOPSIDAE,1.770253374447623e-06
family_final_ANABLEPIDAE,1.7522553782130972e-06
family_final_CLARIIDAE,1.7247233466246169e-06
family_final_RHAMPHICHTHYIDAE,1.7185523867841567e-06
family_final_ARIIDAE,1.700455304171951e-06
family_final_APODIDAE,1.6914638799707463e-06
family_final_LILIACEAE,1.6616424769347682e-06
order_final_PHOENICOPTERIFORMES,1.651852517634955e-06
family_final_CERTHIIDAE,1.6484371776799951e-06
family_final_AMBLYCIPITIDAE,1.620799127529486e-06
family_final_CALLIONYMIDAE,1.6065915915427636e-06
family_final_CHALCEIDAE,1.575048107625092e-06
family_final_GALBULIDAE,1.5001985545651161e-06
family_final_HYDROCHARITACEAE,1.4793560404303653e-06
family_final_GRAMMATIDAE,1.396712815129776e-06
family_final_MELANOCHARITIDAE,1.3386645798027036e-06
family_final_SCHLEGELIACEAE,1.306723534398606e-06
family_final_AMNICOLIDAE,1.2742359551755369e-06
family_final_CENTRISCIDAE,1.2672241878828818e-06
family_final_PODARGIDAE,1.2448226303804542e-06
family_final_CAPITONIDAE,1.2302336759408878e-06
family_final_PLATANACEAE,1.227158718135114e-06
family_final_STERNOPYGIDAE,1.2234271996691138e-06
family_final_CHELIDAE,1.2167561071428928e-06
family_final_PTILIOGONATIDAE,1.1996016631728927e-06
family_final_PROFUNDULIDAE,1.1400436265364094e-06
family_final_CHIASMODONTIDAE,1.1345289235555574e-06
family_final_MALACONOTIDAE,1.0972728503978067e-06
family_final_RHIZOPHORACEAE,1.0755027363320186e-06
family_final_NYCTIBIIDAE,1.0739344067413964e-06
family_final_PAREIDAE,1.0709401321152387e-06
family_final_PHYSIDAE,1.0669905422216862e-06
family_final_HORABAGRIDAE,1.0534054336010049e-06
order_final_POTTIALES,1.045296975756582e-06
family_final_MACROPODIDAE,1.03738978602962e-06
family_final_CINCLOSOMATIDAE,1.0327221532916498e-06
family_final_DIOSCOREACEAE,1.0246595701641596e-06
family_final_MINIOPTERIDAE,1.021218743448779e-06
family_final_CAENOLESTIDAE,1.0071405582672853e-06
family_final_HYPOXIDACEAE,9.833157337124402e-07
family_final_EMBERIZIDAE,9.752614432676264e-07
family_final_NOMEIDAE,9.639845785132276e-07
order_final_SEPIIDA,9.63651580754393e-07
family_final_PINGUIPEDIDAE,9.427065616848122e-07
family_final_DIPLOGLOSSIDAE,8.783708561680891e-07
family_final_STRIGIDAE,8.547395281612525e-07
family_final_INDICATORIDAE,8.34916900545159e-07
family_final_BRAMIDAE,8.320730125961027e-07
family_final_MEGALELEDONIDAE,8.178266057241568e-07
family_final_ACESTRORHYNCHIDAE,8.128055353837249e-07
family_final_SPHYRAENIDAE,8.103044349325713e-07
family_final_OSTRACIIDAE,7.97683182071051e-07
family_final_CAESIONIDAE,7.843487862404322e-07
family_final_DAPHNIPHYLLACEAE,7.803846893406423e-07
family_final_TECOPHILAEACEAE,7.787239696932901e-07
family_final_THELYPTERIDACEAE,7.464083634716136e-07
family_final_BOMBINATORIDAE,7.116669659023612e-07
family_final_ERINACEIDAE,6.945402259284421e-07
family_final_DIBAMIDAE,6.766945830528754e-07
order_final_GNETALES,6.673518062695852e-07
family_final_BUCCONIDAE,6.604527970211635e-07
family_final_APHANIIDAE,6.185462093070742e-07
family_final_CENTRARCHIDAE,6.12865498386233e-07
family_final_HEMIPROCNIDAE,6.127450211871203e-07
family_final_ALOPOGLOSSIDAE,6.08056460028132e-07
family_final_CYNOGLOSSIDAE,5.837703654464507e-07
family_final_ARACANIDAE,5.688916430716815e-07
order_final_LILIALES,5.617036615069668e-07
family_final_ACHIRIDAE,5.433943343420809e-07
family_final_PITTOSPORACEAE,5.04695017459675e-07
family_final_DIDELPHIDAE,4.80369370297755e-07
family_final_AMMODYTIDAE,4.7501316972383446e-07
family_final_BOTHIDAE,4.749279472866698e-07
family_final_TRIACANTHIDAE,4.5113676381270727e-07
order_final_HUERTEALES,4.3699405031573415e-07
family_final_CUCURBITACEAE,4.338163800750697e-07
family_final_CENTROPOMIDAE,4.2619851737219344e-07
family_final_GERRHOPILIDAE,4.169108235166469e-07
family_final_GURGESIELLIDAE,4.1206243370490175e-07
family_final_TYPHLONECTIDAE,3.9313373101087115e-07
family_final_VALVATIDAE,3.9061176733264067e-07
family_final_MOCHOKIDAE,3.8789762265828375e-07
family_final_EPIGONIDAE,3.8489679457457207e-07
family_final_CALYPTOMENIDAE,3.7904469361087065e-07
family_final_MELANTHIACEAE,3.7005068816687747e-07
family_final_CYCLOCORIDAE,3.337443252565453e-07
family_final_KYPHOSIDAE,3.2159012022232907e-07
family_final_CARYOPHYLLIIDAE,3.18843024329567e-07
family_final_SCOPHTHALMIDAE,3.0502307162535816e-07
family_final_HOLOTHURIIDAE,2.99021075960009e-07
family_final_OCTOPODIDAE,2.8839527708356624e-07
family_final_SEPIOLIDAE,2.7220541843737666e-07
family_final_STROMATEIDAE,2.685916493868155e-07
order_final_BRYALES,2.672176722946195e-07
family_final_PENTACEROTIDAE,2.3826896344004656e-07
order_final_ORTHOTRICHALES,2.1593554966880794e-07
family_final_THEACEAE,2.111013253112636e-07
family_final_HYLODIDAE,2.0842870933698205e-07
family_final_SOLEIDAE,2.0502463271207737e-07
family_final_MEGAPODIIDAE,2.0188290008428279e-07
family_final_TRACHICHTHYIDAE,2.0039000340878662e-07
family_final_NANDIDAE,1.9576615203357716e-07
family_final_AMPHIUMIDAE,1.7859205004503448e-07
family_final_CORVIDAE,1.761878489002437e-07
family_final_MONARCHIDAE,1.726697695860673e-07
family_final_ERIOCAULACEAE,1.494477223023152e-07
family_final_CHIROTEUTHIDAE,1.2768619326634462e-07
family_final_SERRIVOMERIDAE,1.249981346534685e-07
family_final_PSEUDOXENODONTIDAE,1.2334934272195794e-07
family_final_JACANIDAE,1.2186417171332734e-07
family_final_BATHYPOLYPODIDAE,1.2006548214157895e-07
family_final_HETERENCHELYIDAE,1.1870127550620529e-07
family_final_FRANCOACEAE,1.1435885949286043e-07
family_final_CARAPIDAE,1.1139395689835586e-07
family_final_POLYODONTIDAE,1.0961878399741534e-07
family_final_GADIDAE,1.0174281539075525e-07
family_final_RHOMBOSOLEIDAE,9.798780887356187e-08
family_final_POECILOPSETTIDAE,9.589469308218927e-08
order_final_MYOPSIDA,9.010687508683379e-08
family_final_BULINIDAE,8.92488857388983e-08
family_final_ASPLENIACEAE,8.618191346890668e-08
family_final_ENTEROCTOPODIDAE,8.550850166502655e-08
family_final_XENOCYPRIDIDAE,8.465079914815222e-08
order_final_GRIMMIALES,8.40195864263295e-08
family_final_SYMPLOCACEAE,8.01879380268415e-08
family_final_ACTINIDIACEAE,7.052499838751222e-08
family_final_RHINATREMATIDAE,6.892521278992235e-08
family_final_NETTASTOMATIDAE,6.88688179392184e-08
family_final_LOPHIIDAE,6.760402983611828e-08
family_final_ALCEDINIDAE,6.352749038758047e-08
family_final_SAMARIDAE,5.998637406061642e-08
family_final_ELANIDAE,5.913951188591817e-08
family_final_SYNAPHOBRANCHIDAE,5.8998405282681e-08
family_final_PYROTEUTHIDAE,5.7873270567421315e-08
family_final_CRANCHIIDAE,5.186451352606558e-08
family_final_LYCOTEUTHIDAE,4.463718580819618e-08
family_final_MORINGUIDAE,4.2784701425136546e-08
family_final_ATHYRIACEAE,3.115073424239348e-08
family_final_APTERONOTIDAE,2.851600200803845e-08
family_final_DICERATIIDAE,2.7302581554473007e-08
family_final_MURAENESOCIDAE,2.3571651459930452e-08
family_final_CHLOPSIDAE,2.354719176473756e-08
family_final_ANOMALOPIDAE,2.1597973085716648e-08
family_final_ULMACEAE,1.9000666071425936e-08
family_final_DIRETMIDAE,1.7619347124502827e-08
family_final_POSIDONIACEAE,1.6000906402806517e-08
family_final_NEMICHTHYIDAE,1.2869782362718636e-08
family_final_PELOBATIDAE,1.003140615060128e-08
family_final_ALSODIDAE,9.991148714661207e-09
family_final_MALACANTHIDAE,9.99741227534484e-10
family_final_EUPHAEIDAE,2.5109668264053395e-10
family_final_STERNOPTYCHIDAE,6.1783117050187265e-15
family_final_NEOSCOPELIDAE,3.484110352018001e-15
family_final_PHOSICHTHYIDAE,2.5932654614062152e-15
family_final_IPNOPIDAE,2.2965872429335392e-15
family_final_GRIMMIACEAE,3.2635495872424333e-19
family_final_BALLOPHILIDAE,0.0
family_final_BALITORIDAE,0.0
family_final_BALANOPACEAE,0.0
family_final_BALAENOPTERIDAE,0.0
family_final_BALAENICIPITIDAE,0.0
family_final_AURISCALPIACEAE,0.0
family_final_AURICULARIACEAE,0.0
family_final_AULOSTOMIDAE,0.0
family_final_AULOPIDAE,0.0
family_final_ATYPIDAE,0.0
family_final_ATYIDAE,0.0
family_final_ATTELABIDAE,0.0
family_final_BATRACHOIDIDAE,0.0
family_final_BATOTEUTHIDAE,0.0
family_final_BATHYTEUTHIDAE,0.0
family_final_BATHYSAURIDAE,0.0
family_final_BATHYLAGIDAE,0.0
family_final_BATHYERGIDAE,0.0
family_final_BATHYDRACONIDAE,0.0
family_final_BATHYCLUPEIDAE,0.0
family_final_BARYCHELIDAE,0.0
family_final_BARTRAMIACEAE,0.0
family_final_BARBUCCIDAE,0.0
family_final_BARBOURISIIDAE,0.0
family_final_BARBEYACEAE,0.0
family_final_BARBEUIACEAE,0.0
family_final_BOLETINELLACEAE,0.0
family_final_BOLETACEAE,0.0
family_final_BOLBITIACEAE,0.0
family_final_BLECHNACEAE,0.0
family_final_BLATTELLIDAE,0.0
family_final_BIPEDIDAE,0.0
family_final_BIANTIDAE,0.0
family_final_BETULACEAE,0.0
family_final_BERYTIDAE,0.0
family_final_BERYCIDAE,0.0
family_final_BERNIERIDAE,0.0
family_final_BEMMERIDAE,0.0
family_final_BELONIDAE,0.0
family_final_ACROCHORDIDAE,0.0
family_final_ACROBOLBACEAE,0.0
family_final_ACROBATIDAE,0.0
family_final_ACRIDIDAE,0.0
family_final_ACORACEAE,0.0
family_final_ACIPENSERIDAE,0.0
family_final_ACICULIDAE,0.0
family_final_ACHIROPSETTIDAE,0.0
family_final_ACHEILOGNATHIDAE,0.0
family_final_ACHATOCARPACEAE,0.0
family_final_ACHATINELLIDAE,0.0
family_final_BONNETIACEAE,0.0
family_final_BONDARZEWIACEAE,0.0
family_final_BOMBYCILLIDAE,0.0
family_final_BREGMACEROTIDAE,0.0
family_final_BRADYPODIDAE,0.0
family_final_BRADYBAENIDAE,0.0
family_final_BRACONIDAE,0.0
family_final_BRACHYTHECIACEAE,0.0
family_final_BRACHYPTERACIIDAE,0.0
family_final_BRACHYCEPHALIDAE,0.0
family_final_BRACHIOTEUTHIDAE,0.0
family_final_BRACHAELURIDAE,0.0
family_final_BOVICHTIDAE,0.0
family_final_BOSTRICHIDAE,0.0
family_final_BORAGINACEAE,0.0
family_final_ACROPOMATIDAE,0.0
family_final_ACROLOXIDAE,0.0
family_final_BUTHIDAE,0.0
family_final_BURSERACEAE,0.0
family_final_BURRAMYIDAE,0.0
family_final_BURNUPIIDAE,0.0
family_final_BURMANNIACEAE,0.0
family_final_BUPHAGIDAE,0.0
family_final_BULIMULIDAE,0.0
family_final_BUCCINIDAE,0.0
family_final_BRYOXIPHIACEAE,0.0
family_final_BRYACEAE,0.0
family_final_BRUNELLIACEAE,0.0
family_final_BRUCHIACEAE,0.0
family_final_ACANTHURIDAE,0.0
family_final_ACANTHODRILIDAE,0.0
family_final_ACANTHIZIDAE,0.0
family_final_ACANTHISITTIDAE,0.0
family_final_ABROCOMIDAE,0.0
order_final_ZYGOPHYLLALES,0.0
order_final_ZEIFORMES,0.0
order_final_XYLARIALES,0.0
order_final_VITALES,0.0
order_final_VENERIDA,0.0
family_final_CADEIDAE,0.0
family_final_CABOMBACEAE,0.0
family_final_BYTHINELLIDAE,0.0
family_final_BYSSOLOMATACEAE,0.0
family_final_BUXACEAE,0.0
family_final_BUTOMACEAE,0.0
family_final_ZONITIDAE,0.0
family_final_CALOPHYLLACEAE,0.0
family_final_CALOMYSCIDAE,0.0
family_final_CALLORHINCHIDAE,0.0
family_final_CALLIOSTOMATIDAE,0.0
family_final_CALLANTHIIDAE,0.0
family_final_CALICIACEAE,0.0
family_final_CALCARIIDAE,0.0
family_final_ACAVIDAE,0.0
family_final_ACAROSPORACEAE,0.0
family_final_CAPONIIDAE,0.0
family_final_CANTHARELLACEAE,0.0
family_final_CANELLACEAE,0.0
family_final_CANCELLARIIDAE,0.0
family_final_CANARIELLIDAE,0.0
family_final_CAMPYNEMATACEAE,0.0
family_final_CAMELIDAE,0.0
family_final_CAMBALOPSIDAE,0.0
family_final_CAMAENIDAE,0.0
family_final_CALYPTOPHILIDAE,0.0
family_final_CALYPTOCEPHALELLIDAE,0.0
family_final_CALYPOGEIACEAE,0.0
family_final_CALYCANTHACEAE,0.0
family_final_CASTNIIDAE,0.0
family_final_CARISTIIDAE,0.0
family_final_CARICACEAE,0.0
family_final_CARIAMIDAE,0.0
family_final_CARDIOPTERIDACEAE,0.0
family_final_CARDIIDAE,0.0
family_final_CARCINIPHORIDAE,0.0
family_final_CARCHARHINIDAE,0.0
family_final_CAPROMYIDAE,0.0
family_final_CAPROIDAE,0.0
family_final_CAPRIFOLIACEAE,0.0
family_final_CENTROPHRYNIDAE,0.0
family_final_CENTROPHORIDAE,0.0
family_final_CENTROLOPHIDAE,0.0
family_final_CENTRACANTHIDAE,0.0
family_final_CELASTRACEAE,0.0
family_final_CEBIDICHTHYIDAE,0.0
family_final_CAVIIDAE,0.0
family_final_CAULOPHRYNIDAE,0.0
family_final_CATOSTOMIDAE,0.0
family_final_CATHARTIDAE,0.0
family_final_CASUARINACEAE,0.0
family_final_CASUARIIDAE,0.0
order_final_USTILAGINALES,0.0
order_final_UROCYSTIDALES,0.0
order_final_UNIONIDA,0.0
order_final_UMBILICARIALES,0.0
order_final_TUBULIDENTATA,0.0
order_final_TROCHIDA,0.0
order_final_TRICHOPTERA,0.0
order_final_TRAPELIALES,0.0
order_final_TORPEDINIFORMES,0.0
order_final_THYSANOPTERA,0.0
order_final_THELEPHORALES,0.0
order_final_TELOSCHISTALES,0.0
family_final_CEPHALOZIELLACEAE,0.0
family_final_CEPHALOZIACEAE,0.0
family_final_CEPHALOTACEAE,0.0
family_final_CETONIIDAE,0.0
family_final_CETOMIMIDAE,0.0
family_final_CEROPHYTIDAE,0.0
family_final_CERITHIIDAE,0.0
family_final_CERCIDIPHYLLACEAE,0.0
family_final_CERATOZETIDAE,0.0
family_final_CERATOPHYLLIDAE,0.0
family_final_CERATOPHYLLACEAE,0.0
family_final_CERATIIDAE,0.0
family_final_CERASTIDAE,0.0
family_final_CERAMIACEAE,0.0
family_final_CERAMBYCIDAE,0.0
family_final_CEPOLIDAE,0.0
family_final_CEPHEIDAE,0.0
order_final_VAHLIALES,0.0
family_final_CHAUNACIDAE,0.0
family_final_CHAUDHURIIDAE,0.0
family_final_CHAROPIDAE,0.0
family_final_CHARINIDAE,0.0
family_final_CHARADRIIDAE,0.0
family_final_CHARACEAE,0.0
family_final_CHANNICHTHYIDAE,0.0
family_final_CHANIDAE,0.0
family_final_CHAMPSODONTIDAE,0.0
family_final_CHAETOPIDAE,0.0
family_final_CHAENOPSIDAE,0.0
family_final_CHACIDAE,0.0
family_final_CEUTHOMANTIDAE,0.0
family_final_CETOPSIDAE,0.0
order_final_SYSTELLOMMATOPHORA,0.0
order_final_SYNBRANCHIFORMES,0.0
order_final_SYMPHYPLEONA,0.0
order_final_SULIFORMES,0.0
order_final_STEMMIULIDA,0.0
order_final_SQUATINIFORMES,0.0
order_final_SQUALIFORMES,0.0
order_final_SPLACHNALES,0.0
family_final_CHIKILIDAE,0.0
family_final_CHELYDRIDAE,0.0
family_final_CHEIRIDIIDAE,0.0
family_final_CHEIRACANTHIIDAE,0.0
family_final_CHEIMARRICHTHYIDAE,0.0
family_final_CHEILODACTYLIDAE,0.0
family_final_CHRYSOCHLORIDAE,0.0
family_final_CHRYSOBALANACEAE,0.0
family_final_CHONDRINIDAE,0.0
family_final_CHLOROPHTHALMIDAE,0.0
family_final_CHLORANTHACEAE,0.0
family_final_CHLAMYPHORIDAE,0.0
family_final_CHLAMYDEPHORIDAE,0.0
family_final_CHIROCEPHALIDAE,0.0
family_final_CHIROCENTRIDAE,0.0
family_final_CHIONIDAE,0.0
family_final_CHIMAERIDAE,0.0
family_final_CHILINIDAE,0.0
order_final_TAKAKIALES,0.0
family_final_CIXIIDAE,0.0
family_final_CITHARIDAE,0.0
family_final_CISTUGIDAE,0.0
family_final_CIRROTEUTHIDAE,0.0
family_final_CIRROCTOPODIDAE,0.0
family_final_CIRRHITIDAE,0.0
family_final_CICONIIDAE,0.0
family_final_CICINDELIDAE,0.0
family_final_CICADELLIDAE,0.0
family_final_CHYROMYIDAE,0.0
family_final_CHRYSOPIDAE,0.0
family_final_CHRYSOMELIDAE,0.0
family_final_CHRYSOGORGIIDAE,0.0
family_final_COCHLICOPIDAE,0.0
family_final_CNEMOPHILIDAE,0.0
family_final_CLUPEIDAE,0.0
family_final_CLUBIONIDAE,0.0
family_final_CLIMACTERIDAE,0.0
family_final_CLERIDAE,0.0
family_final_CLEOMACEAE,0.0
family_final_CLENCHIELLIDAE,0.0
family_final_CLAVARIADELPHACEAE,0.0
family_final_CLAVARIACEAE,0.0
family_final_CLADONIACEAE,0.0
family_final_CLADOCORIDAE,0.0
order_final_SPHAGNALES,0.0
order_final_SPHAEROTHERIIDA,0.0
order_final_SPHAEROCARPALES,0.0
order_final_SPHAERIIDA,0.0
order_final_SORBEOCONCHA,0.0
order_final_SOLEMYIDA,0.0
order_final_SIRENIA,0.0
order_final_SIPHONOPHORIDA,0.0
order_final_SIPHONAPTERA,0.0
order_final_SEPIOLIDA,0.0
family_final_COLLONIIDAE,0.0
family_final_COLLETIDAE,0.0
family_final_COLLEMATACEAE,0.0
family_final_COCHLOSTOMATIDAE,0.0
family_final_CORIARIACEAE,0.0
family_final_CORDIACEAE,0.0
family_final_CORCORACIDAE,0.0
family_final_CORALLIIDAE,0.0
family_final_CONVOLVULACEAE,0.0
family_final_CONRAUIDAE,0.0
family_final_CONOPOPHAGIDAE,0.0
family_final_CONNARACEAE,0.0
family_final_CONGIOPODIDAE,0.0
family_final_COLUMELLIACEAE,0.0
family_final_COLOCONGRIDAE,0.0
order_final_SPIRULIDA,0.0
order_final_SPIROSTREPTIDA,0.0
order_final_SPIROBOLIDA,0.0
order_final_SPHENISCIFORMES,0.0
order_final_SCHIZOMIDA,0.0
order_final_SAXIFRAGALES,0.0
order_final_SARCOPTIFORMES,0.0
order_final_SAPINDALES,0.0
order_final_SANTALALES,0.0
order_final_SALVINIALES,0.0
family_final_COSCINARAEIDAE,0.0
family_final_CORYPHAENIDAE,0.0
family_final_CORYNOCARPACEAE,0.0
family_final_CORYNELIACEAE,0.0
family_final_CORTINARIACEAE,0.0
family_final_CORTICIACEAE,0.0
family_final_CORNULARIIDAE,0.0
family_final_CORINNIDAE,0.0
family_final_CRIODRILIDAE,0.0
family_final_CREEDIIDAE,0.0
family_final_CRASSULACEAE,0.0
family_final_CRASSISPORIACEAE,0.0
family_final_CRASPEDOPOMATIDAE,0.0
family_final_CRANOGLANIDIDAE,0.0
family_final_COULACEAE,0.0
order_final_SELAGINELLALES,0.0
order_final_SEGUENZIIDA,0.0
order_final_SCUTIGEROMORPHA,0.0
order_final_SCORPIONES,0.0
order_final_SCLERALCYONACEA,0.0
family_final_CYATHEACEAE,0.0
family_final_CURTISIACEAE,0.0
family_final_CUPRESSACEAE,0.0
family_final_CUNONIACEAE,0.0
family_final_CULCITACEAE,0.0
family_final_CUCULIDAE,0.0
family_final_CUCUJIDAE,0.0
family_final_CTENOLUCIIDAE,0.0
family_final_CTENOLOPHONACEAE,0.0
family_final_CTENIZIDAE,0.0
family_final_CTENIDAE,0.0
family_final_CRYPTOCERCIDAE,0.0
family_final_CRYPHAEACEAE,0.0
family_final_CROTAPHYTIDAE,0.0
family_final_CROCODYLIDAE,0.0
family_final_CYRILLACEAE,0.0
family_final_CYRENOIDIDAE,0.0
family_final_CYRENIDAE,0.0
family_final_CYNOCEPHALIDAE,0.0
family_final_CYMODOCEACEAE,0.0
family_final_CYEMATIDAE,0.0
family_final_CYCLOTEUTHIDAE,0.0
family_final_CYCLOPTERIDAE,0.0
family_final_CYCLOPHORIDAE,0.0
family_final_CALOSTOMATACEAE,0.0
family_final_CYCLANTHACEAE,0.0
family_final_CYATHOLIPIDAE,0.0
family_final_DASYPROCTIDAE,0.0
family_final_DASYPOGONACEAE,0.0
family_final_DASYORNITHIDAE,0.0
family_final_DASYATIDAE,0.0
family_final_DASYACEAE,0.0
family_final_DAMAEIDAE,0.0
family_final_DALTONIACEAE,0.0
family_final_DALATIIDAE,0.0
family_final_DACTYLOSCOPIDAE,0.0
family_final_DACTYLOPTERIDAE,0.0
family_final_DACRYMYCETACEAE,0.0
family_final_CYTTIDAE,0.0
family_final_CYTTARIACEAE,0.0
family_final_CYSTOPTERIDACEAE,0.0
family_final_CYRTAUCHENIIDAE,0.0
order_final_RUSSULALES,0.0
order_final_RHIZOGONIALES,0.0
order_final_RHINOPRISTIFORMES,0.0
order_final_RANUNCULALES,0.0
order_final_PYLOPULMONATA,0.0
order_final_PTEROCLIFORMES,0.0
order_final_PSOCOPTERA,0.0
order_final_PSOCODEA,0.0
order_final_PSILOTALES,0.0
order_final_PSEUDOSCORPIONES,0.0
family_final_DELPHACIDAE,0.0
family_final_DELESSERIACEAE,0.0
family_final_DEINOPIDAE,0.0
family_final_DEGENERIACEAE,0.0
family_final_DATNIOIDIDAE,0.0
family_final_DICAEIDAE,0.0
family_final_DIATOMYIDAE,0.0
family_final_DIAPHEROMERIDAE,0.0
family_final_DEVADATTIDAE,0.0
family_final_DESMOCARIDIDAE,0.0
family_final_DESMARESTIACEAE,0.0
family_final_DERMOPHIIDAE,0.0
family_final_DERICORYTHIDAE,0.0
family_final_DERICHTHYIDAE,0.0
family_final_DENTICIPITIDAE,0.0
family_final_DENNSTAEDTIACEAE,0.0
family_final_DENDRONOTIDAE,0.0
family_final_DENDROCEROTACEAE,0.0
order_final_SACCOPHARYNGIFORMES,0.0
family_final_DIOMEDEIDAE,0.0
family_final_DINOPERCIDAE,0.0
family_final_DILLENIACEAE,0.0
family_final_DIDYMOCHLAENACEAE,0.0
family_final_DIDIEREACEAE,0.0
family_final_DICTYOTACEAE,0.0
family_final_DICTYNIDAE,0.0
family_final_DICRURIDAE,0.0
family_final_DICROGLOSSIDAE,0.0
family_final_DICRANACEAE,0.0
family_final_DICKSONIACEAE,0.0
family_final_DICHICHTHYIDAE,0.0
family_final_DICHAPETALACEAE,0.0
family_final_DREISSENIDAE,0.0
family_final_DRACONETTIDAE,0.0
family_final_DONACOBIIDAE,0.0
family_final_DONACIDAE,0.0
family_final_DOLICHOPODIDAE,0.0
family_final_DITRICHACEAE,0.0
family_final_DISCINACEAE,0.0
family_final_DISCIDAE,0.0
family_final_DIPODIDAE,0.0
family_final_DIPLOMYSTIDAE,0.0
family_final_DIPLOMMATINIDAE,0.0
family_final_DIPLOASTRAEIDAE,0.0
family_final_DIPENTODONTACEAE,0.0
family_final_EHRETIACEAE,0.0
family_final_ECHINODONTIACEAE,0.0
family_final_ECHINODIACEAE,0.0
family_final_ECHENEIDAE,0.0
family_final_EBENACEAE,0.0
family_final_DYTISCIDAE,0.0
family_final_DYSDERIDAE,0.0
family_final_DYNASTIDAE,0.0
family_final_DYAKIIDAE,0.0
family_final_DULIDAE,0.0
family_final_DUGONGIDAE,0.0
family_final_DROSOPHILIDAE,0.0
family_final_DROMADIDAE,0.0
family_final_DREPANIDAE,0.0
family_final_DREPANEIDAE,0.0
order_final_PRISTIOPHORIFORMES,0.0
order_final_PORELLALES,0.0
order_final_POLYTRICHALES,0.0
order_final_POLYPTERIFORMES,0.0
order_final_POLYPORALES,0.0
order_final_POLYMIXIIFORMES,0.0
order_final_POLYDESMIDA,0.0
order_final_PODUROMORPHA,0.0
order_final_PODICIPEDIFORMES,0.0
family_final_ELAEOCARPACEAE,0.0
family_final_ELACHURIDAE,0.0
family_final_ELACHISTIDAE,0.0
family_final_ELACHISINIDAE,0.0
family_final_EMMELICHTHYIDAE,0.0
family_final_ELOPIDAE,0.0
family_final_ELONIDAE,0.0
family_final_ELLOPOSTOMATIDAE,0.0
family_final_ELLOBIIDAE,0.0
family_final_ELIPSOCIDAE,0.0
family_final_ELEPHANTIDAE,0.0
family_final_ELEDONIDAE,0.0
family_final_ELASSOMATIDAE,0.0
family_final_ELAPHOMYCETACEAE,0.0
order_final_PROCELLARIIFORMES,0.0
order_final_PROBOSCIDEA,0.0
family_final_EPHYDRIDAE,0.0
family_final_EPHIPPIDAE,0.0
family_final_ENTYLOMATACEAE,0.0
family_final_ENTOMOBRYIDAE,0.0
family_final_ENOPLOTEUTHIDAE,0.0
family_final_ENOPLOMETOPIDAE,0.0
family_final_ENIDAE,0.0
family_final_ENDODONTIDAE,0.0
family_final_EMYDIDAE,0.0
family_final_EMPUSIDAE,0.0
family_final_EMPIDIDAE,0.0
family_final_EMMERICIIDAE,0.0
family_final_ETMOPTERIDAE,0.0
family_final_ETHERIIDAE,0.0
family_final_ESOCIDAE,0.0
family_final_ERYTHROXYLACEAE,0.0
family_final_ERYTHROPALACEAE,0.0
family_final_EROTYLIDAE,0.0
family_final_ERETHIZONTIDAE,0.0
family_final_ERESIDAE,0.0
family_final_EREMIAPHILIDAE,0.0
family_final_EQUISETACEAE,0.0
family_final_EQUIDAE,0.0
family_final_EPINEPHELIDAE,0.0
family_final_EVERMANNELLIDAE,0.0
family_final_EUSTHENIIDAE,0.0
family_final_EURYRHYNCHIDAE,0.0
family_final_EUPOMATIACEAE,0.0
family_final_EUPLERIDAE,0.0
family_final_EUPHYLLIIDAE,0.0
family_final_EUPHRONIACEAE,0.0
family_final_EUPHAUSIIDAE,0.0
family_final_EUMASTACIDAE,0.0
family_final_EULACESTOMATIDAE,0.0
family_final_EUCONULIDAE,0.0
family_final_EUCNEMIDAE,0.0
family_final_EUCHIRIDAE,0.0
family_final_EUAGRIDAE,0.0
family_final_FOSSOMBRONIACEAE,0.0
family_final_FORMICARIIDAE,0.0
family_final_FONTINALACEAE,0.0
family_final_FOMITOPSIDACEAE,0.0
family_final_FISTULARIIDAE,0.0
family_final_FISSURELLIDAE,0.0
family_final_FISSIDENTACEAE,0.0
family_final_FILISTATIDAE,0.0
family_final_FERUSSACIIDAE,0.0
family_final_FELIDAE,0.0
family_final_FEAELLIDAE,0.0
family_final_FALCONIDAE,0.0
family_final_FAGACEAE,0.0
family_final_EXORMOTHECACEAE,0.0
family_final_EXOCOETIDAE,0.0
family_final_GANODERMATACEAE,0.0
family_final_GAMMARIDAE,0.0
family_final_GALLIENIELLIDAE,0.0
family_final_GALAXAURACEAE,0.0
family_final_FUNGIIDAE,0.0
family_final_FUNDULIDAE,0.0
family_final_FUNARIACEAE,0.0
family_final_FRULLANIACEAE,0.0
family_final_FRINGILLIDAE,0.0
family_final_FREGATIDAE,0.0
family_final_FRANKENIACEAE,0.0
family_final_FOUQUIERIACEAE,0.0
order_final_PLEOSPORALES,0.0
order_final_PLECOPTERA,0.0
order_final_PINALES,0.0
order_final_PILOSA,0.0
order_final_PICRAMNIALES,0.0
order_final_PHOLIDOTA,0.0
order_final_PHASMIDA,0.0
order_final_PHALLALES,0.0
order_final_PHAETHONTIFORMES,0.0
order_final_PEZIZALES,0.0
order_final_PETROMYZONTIFORMES,0.0
family_final_GASTEROSTEIDAE,0.0
family_final_GARYPIDAE,0.0
family_final_GARRYACEAE,0.0
family_final_GEOTRUPIDAE,0.0
family_final_GEOTRIIDAE,0.0
family_final_GEOPHILIDAE,0.0
family_final_GEOMITRIDAE,0.0
family_final_GEOGLOSSACEAE,0.0
family_final_GEOGARYPIDAE,0.0
family_final_GEMPYLIDAE,0.0
family_final_GELSEMIACEAE,0.0
family_final_GELIDIACEAE,0.0
family_final_GELECHIIDAE,0.0
family_final_GECARCINUCIDAE,0.0
family_final_GEASTRACEAE,0.0
family_final_GAVIIDAE,0.0
family_final_GASTRODONTIDAE,0.0
order_final_PLEUROZIALES,0.0
family_final_GLEICHENIACEAE,0.0
family_final_GLACIDORBIDAE,0.0
family_final_GIRELLIDAE,0.0
family_final_GIRAFFIDAE,0.0
family_final_GINKGOACEAE,0.0
family_final_GINGLYMOSTOMATIDAE,0.0
family_final_GIGANTURIDAE,0.0
family_final_GIGANTACTINIDAE,0.0
family_final_GIETELLIDAE,0.0
family_final_GIBBERICHTHYIDAE,0.0
family_final_GERRARDINACEAE,0.0
family_final_GERANIACEAE,0.0
order_final_PELTIGERALES,0.0
order_final_PELECANIFORMES,0.0
order_final_PAUCITUBERCULATA,0.0
order_final_PATELLIDA,0.0
order_final_PARACRYPHIALES,0.0
order_final_OXALIDALES,0.0
order_final_OTIDIFORMES,0.0
order_final_OSTROPALES,0.0
family_final_GOMPHACEAE,0.0
family_final_GOBIESOCIDAE,0.0
family_final_GNETACEAE,0.0
family_final_GNAPHOSIDAE,0.0
family_final_GLYPHIPTERIGIDAE,0.0
family_final_GLOSSOSCOLECIDAE,0.0
family_final_GLOMOSPORIACEAE,0.0
family_final_GLIRIDAE,0.0
family_final_GRAYIIDAE,0.0
family_final_GRAPHIDACEAE,0.0
family_final_GRAMMICOLEPIDIDAE,0.0
family_final_GRACILARIACEAE,0.0
family_final_GONOSTOMATIDAE,0.0
family_final_GONORYNCHIDAE,0.0
family_final_GONATIDAE,0.0
family_final_GOMPHILLACEAE,0.0
family_final_GOMPHIDIACEAE,0.0
order_final_PERTUSARIALES,0.0
order_final_PERISSODACTYLA,0.0
order_final_PERCOPSIFORMES,0.0
order_final_PERAMELEMORPHIA,0.0
order_final_PENNATULACEA,0.0
family_final_GYROPORACEAE,0.0
family_final_GYRINOCHEILIDAE,0.0
family_final_GYMNURIDAE,0.0
family_final_GYMNOTIDAE,0.0
family_final_GYMNOPHTHALMIDAE,0.0
family_final_GYMNOMITRIACEAE,0.0
family_final_GYMNARCHIDAE,0.0
family_final_GUNNERACEAE,0.0
family_final_GRYPHAEIDAE,0.0
family_final_GRYLLOTALPIDAE,0.0
family_final_GRYLLOBLATTIDAE,0.0
family_final_GRYLLIDAE,0.0
family_final_GRYLLACRIDIDAE,0.0
family_final_GRUIDAE,0.0
family_final_GROSSULARIACEAE,0.0
family_final_HELICARIONIDAE,0.0
family_final_HELEOPHRYNIDAE,0.0
family_final_HARPAGIFERIDAE,0.0
family_final_HAPLODESMIDAE,0.0
family_final_HANGUANACEAE,0.0
family_final_HAMAMELIDACEAE,0.0
family_final_HALYMENIACEAE,0.0
family_final_HALOSAURIDAE,0.0
family_final_HALORAGACEAE,0.0
family_final_HALIPLIDAE,0.0
family_final_HALIOTIDAE,0.0
family_final_HALICTIDAE,0.0
family_final_HAHNIIDAE,0.0
family_final_HAEMODORACEAE,0.0
family_final_HAEMATOPODIDAE,0.0
family_final_GYROSTEMONACEAE,0.0
family_final_HEMISCYLLIIDAE,0.0
family_final_HEMIRAMPHIDAE,0.0
family_final_HEMIGALEIDAE,0.0
family_final_HEMEROBIIDAE,0.0
family_final_HELWINGIACEAE,0.0
family_final_HELOTIACEAE,0.0
family_final_HELOSTOMATIDAE,0.0
family_final_HELODERMATIDAE,0.0
family_final_HELIOTROPIACEAE,0.0
family_final_HELIORNITHIDAE,0.0
family_final_HELIOPORIDAE,0.0
family_final_HELICODONTIDAE,0.0
family_final_HELICINIDAE,0.0
family_final_HELICIDAE,0.0
family_final_HEXAGRAMMIDAE,0.0
family_final_HETEROPNEUSTIDAE,0.0
family_final_HETEROMYIDAE,0.0
family_final_HETERODONTIDAE,0.0
family_final_HERSILIIDAE,0.0
family_final_HERPESTIDAE,0.0
family_final_HERMANNIELLIDAE,0.0
family_final_HERICIACEAE,0.0
family_final_HERBERTACEAE,0.0
family_final_HEPTAPTERIDAE,0.0
family_final_HEPSETIDAE,0.0
family_final_HEPIALIDAE,0.0
family_final_HEMISINIDAE,0.0
family_final_HUACEAE,0.0
family_final_HOWELLIDAE,0.0
family_final_HOMINIDAE,0.0
family_final_HOLOTHYRIDAE,0.0
family_final_HOLOCENTRIDAE,0.0
family_final_HISTIOTEUTHIDAE,0.0
family_final_HISPIDOBERYCIDAE,0.0
family_final_HIPPOSIDERIDAE,0.0
family_final_HIODONTIDAE,0.0
family_final_HIMANTOLOPHIDAE,0.0
family_final_HIMANTANDRACEAE,0.0
family_final_HEXATRYGONIDAE,0.0
family_final_HEXANCHIDAE,0.0
order_final_OSMUNDALES,0.0
order_final_OSMERIFORMES,0.0
order_final_ORECTOLOBIFORMES,0.0
order_final_OPISTHOPORA,0.0
order_final_OPISTHOCOMIFORMES,0.0
order_final_OPILIONES,0.0
order_final_OPHIOGLOSSALES,0.0
order_final_ONCOTHECALES,0.0
order_final_OEGOPSIDA,0.0
family_final_HYDNANGIACEAE,0.0
family_final_HYDNACEAE,0.0
family_final_HYDATELLACEAE,0.0
family_final_HYALOGYRINIDAE,0.0
family_final_HUMEROBATIDAE,0.0
family_final_HUBBARDIIDAE,0.0
family_final_HYMENOPHYLLACEAE,0.0
family_final_HYMENOGASTRACEAE,0.0
family_final_HYMENOCHAETACEAE,0.0
family_final_HYLOCITREIDAE,0.0
family_final_HYLIOTIDAE,0.0
family_final_HYGROPHOROPSIDACEAE,0.0
family_final_HYGROMIIDAE,0.0
family_final_HYDROSTACHYACEAE,0.0
family_final_HYDROLEACEAE,0.0
family_final_HYDROCENIDAE,0.0
family_final_HYDRANGEACEAE,0.0
family_final_HYDRAENIDAE,0.0
order_final_OSTREIDA,0.0
order_final_OSTEOGLOSSIFORMES,0.0
family_final_ICTERIDAE,0.0
family_final_ICTALURIDAE,0.0
family_final_ICHNEUMONIDAE,0.0
family_final_ICACINACEAE,0.0
family_final_HYRIIDAE,0.0
family_final_HYPSIPRYMNODONTIDAE,0.0
family_final_HYPOPTYCHIDAE,0.0
family_final_HYPOPOMIDAE,0.0
family_final_HYPOLESTIDAE,0.0
family_final_HYPOCREACEAE,0.0
family_final_HYPOCOLIIDAE,0.0
family_final_HYPNIDAE,0.0
family_final_HYPNACEAE,0.0
family_final_HYMERHABDIIDAE,0.0
order_final_NEUROPTERA,0.0
order_final_NEOMPHALIDA,0.0
order_final_NEMASTOMATALES,0.0
order_final_NEMALIALES,0.0
order_final_NAUTILIDA,0.0
order_final_MYXINIFORMES,0.0
order_final_MYTILIDA,0.0
order_final_MYLIOBATIFORMES,0.0
family_final_INDOSTOMIDAE,0.0
family_final_INCERTAE SEDIS,0.0
family_final_IDIOPIDAE,0.0
family_final_JUNCAGINACEAE,0.0
family_final_JUGLANDACEAE,0.0
family_final_JOUBINITEUTHIDAE,0.0
family_final_IXONANTHACEAE,0.0
family_final_IULOMORPHIDAE,0.0
family_final_ITEACEAE,0.0
family_final_ISTIOPHORIDAE,0.0
family_final_ISOETACEAE,0.0
family_final_IRVINGIACEAE,0.0
family_final_IRPICACEAE,0.0
family_final_IRIDINIDAE,0.0
family_final_IRENIDAE,0.0
order_final_NYMPHAEALES,0.0
order_final_NUDIBRANCHIA,0.0
order_final_NOTOSTRACA,0.0
family_final_LACISTEMATACEAE,0.0
family_final_LACANTUNIIDAE,0.0
family_final_LABIIDAE,0.0
family_final_KUHLIIDAE,0.0
family_final_KRYPTOGLANIDAE,0.0
family_final_KRAEMERIIDAE,0.0
family_final_KOPHOBELEMNIDAE,0.0
family_final_KOEBERLINIACEAE,0.0
family_final_KNERIIDAE,0.0
family_final_KIRKIACEAE,0.0
family_final_KEWACEAE,0.0
family_final_KEROPLATIDAE,0.0
family_final_KALOTERMITIDAE,0.0
family_final_KALLYMENIACEAE,0.0
family_final_JUNGERMANNIACEAE,0.0
family_final_LECIDEACEAE,0.0
family_final_LECANORACEAE,0.0
family_final_LAURIIDAE,0.0
family_final_LATRIDAE,0.0
family_final_LATIMERIIDAE,0.0
family_final_LATIIDAE,0.0
family_final_LATEOLABRACIDAE,0.0
family_final_LARIDAE,0.0
family_final_LANTHANOTIDAE,0.0
family_final_LANIIDAE,0.0
family_final_LAMPYRIDAE,0.0
family_final_LAMPROLIIDAE,0.0
family_final_LAMPRIDAE,0.0
family_final_LAMNIDAE,0.0
family_final_LAEMOPHLOEIDAE,0.0
family_final_LEPORIDAE,0.0
family_final_LEPISOSTEIDAE,0.0
family_final_LEPIDOZIACEAE,0.0
family_final_LEPIDOSIRENIDAE,0.0
family_final_LEPIDOBOTRYACEAE,0.0
family_final_LEPETODRILIDAE,0.0
family_final_LENTULIDAE,0.0
family_final_LENTARIACEAE,0.0
family_final_LEMURIDAE,0.0
family_final_LEMBOPHYLLACEAE,0.0
family_final_LEJEUNEACEAE,0.0
family_final_LEIOTRICHIDAE,0.0
family_final_LEIOPELMATIDAE,0.0
family_final_LEIOGNATHIDAE,0.0
family_final_LEIODIDAE,0.0
family_final_LECYTHIDACEAE,0.0
order_final_MYCOCALICALES,0.0
order_final_MUSOPHAGIFORMES,0.0
order_final_MUGILIFORMES,0.0
order_final_MONOTREMATA,0.0
order_final_METZGERIALES,0.0
order_final_METTENIUSALES,0.0
order_final_MESITORNITHIFORMES,0.0
order_final_MEGALOPTERA,0.0
order_final_MEGADRILACEAE,0.0
order_final_MARCHANTIALES,0.0
order_final_MARATTIALES,0.0
order_final_MANTODEA,0.0
family_final_LEPTOCHITONIDAE,0.0
family_final_LEPTOCHILICHTHYIDAE,0.0
family_final_LEPTOBARBIDAE,0.0
family_final_LEPTASTREIDAE,0.0
family_final_LIMONIIDAE,0.0
family_final_LIMNEPHILIDAE,0.0
family_final_LIMACIDAE,0.0
family_final_LEUCTRIDAE,0.0
family_final_LEUCOMIACEAE,0.0
family_final_LEUCODONTACEAE,0.0
family_final_LEUCOBRYACEAE,0.0
family_final_LESTIDAE,0.0
family_final_LESKEACEAE,0.0
family_final_LEPTOSOMIDAE,0.0
family_final_LEPTONETIDAE,0.0
family_final_LEPTODONTACEAE,0.0
order_final_MYIDA,0.0
order_final_MYCOSPHAERELLALES,0.0
order_final_LEPTOSOMIFORMES,0.0
order_final_LEPISOSTEIFORMES,0.0
order_final_LEPIDOSIRENIFORMES,0.0
order_final_LEPIDOPLEURIDA,0.0
order_final_LEPETELLIDA,0.0
order_final_LECIDEALES,0.0
family_final_LITHOBIIDAE,0.0
family_final_LIPOSCELIDIDAE,0.0
family_final_LIPHISTIIDAE,0.0
family_final_LIPARIDAE,0.0
family_final_LIOCRANIDAE,0.0
family_final_LIOCHELIDAE,0.0
family_final_LINYPHIIDAE,0.0
family_final_LINOPHRYNIDAE,0.0
family_final_LINDSAEACEAE,0.0
family_final_LINACEAE,0.0
family_final_LORANTHACEAE,0.0
family_final_LOPHOTIDAE,0.0
family_final_LOPHOCOLEACEAE,0.0
family_final_ZYGAENIDAE,0.0
family_final_LOPHICHTHYIDAE,0.0
family_final_LONCHODIDAE,0.0
family_final_LOLIGINIDAE,0.0
family_final_LOBOTIDAE,0.0
family_final_LOBOPHYLLIIDAE,0.0
family_final_LOBARIACEAE,0.0
family_final_LITTORINIDAE,0.0
order_final_MACROSCELIDEA,0.0
order_final_LYCOPODIALES,0.0
order_final_LUCINIDA,0.0
order_final_LITHOBIOMORPHA,0.0
family_final_ZYGOPHYLLACEAE,0.0
family_final_MACHAERIRHYNCHIDAE,0.0
family_final_LYOPHYLLACEAE,0.0
family_final_LYMNAEIDAE,0.0
family_final_LYGAEIDAE,0.0
log_gbif_occurrence_count,0.0
family_final_LYCOSIDAE,0.0
family_final_LYCOPODIACEAE,0.0
family_final_LYCOPERDACEAE,0.0
log_gbif_country_count,0.0
family_final_LUVARIDAE,0.0
family_final_LUMBRICIDAE,0.0
family_final_LUCINIDAE,0.0
family_final_LUCANIDAE,0.0
family_final_LOXOCEMIDAE,0.0
family_final_LOWIACEAE,0.0
family_final_LOTIDAE,0.0
family_final_MARGARITIDAE,0.0
log_gbif_geo_spread,0.0
family_final_MARATTIACEAE,0.0
family_final_MARASMIACEAE,0.0
family_final_XYLARIACEAE,0.0
family_final_MANTIDAE,0.0
family_final_MANIDAE,0.0
family_final_MANGELIIDAE,0.0
family_final_MALURIDAE,0.0
family_final_MALAPTERURIDAE,0.0
family_final_XYLODISCULIDAE,0.0
family_final_XYLOGRAPHACEAE,0.0
family_final_XYRIDACEAE,0.0
family_final_MACROSCELIDIDAE,0.0
family_final_ZANCLIDAE,0.0
family_final_MACHILIDAE,0.0
family_final_ZANOBATIDAE,0.0
family_final_MELANOCETIDAE,0.0
family_final_MELAMPITTIDAE,0.0
family_final_MEGASCOLECIDAE,0.0
family_final_ZEIDAE,0.0
family_final_ZELEDONIIDAE,0.0
class_final_DACRYMYCETES,0.0
class_final_COLLEMBOLA,0.0
family_final_MEGADERMATIDAE,0.0
family_final_MEGACHILIDAE,0.0
family_final_MECISTOCEPHALIDAE,0.0
family_final_MEANDRINIDAE,0.0
family_final_MASTACEMBELIDAE,0.0
family_final_MARTYNIACEAE,0.0
family_final_MARSILEACEAE,0.0
family_final_MARGARITIFERIDAE,0.0
order_final_LAMNIFORMES,0.0
order_final_LAMINARIALES,0.0
order_final_LAGOMORPHA,0.0
order_final_JUNGERMANNIALES,0.0
order_final_ISOPTERA,0.0
order_final_ISOPODA,0.0
order_final_ISOETALES,0.0
order_final_ICACINALES,0.0
order_final_HYRACOIDEA,0.0
order_final_HYPSOGASTROPODA,0.0
order_final_HYPOCREALES,0.0
order_final_HYPNALES,0.0
class_final_CLITELLATA,0.0
family_final_MELANOPSIDAE,0.0
family_final_MELANOPAREIIDAE,0.0
family_final_MELANODRYMIIDAE,0.0
family_final_MICROCANTHIDAE,0.0
family_final_MICRIXALIDAE,0.0
family_final_METZGERIACEAE,0.0
family_final_METTENIUSACEAE,0.0
family_final_MERULINIDAE,0.0
family_final_MERULIACEAE,0.0
family_final_MEROPIDAE,0.0
family_final_MERLUCCIIDAE,0.0
family_final_MERIPILACEAE,0.0
family_final_MENURIDAE,0.0
family_final_MENISPERMACEAE,0.0
family_final_MELITTIDAE,0.0
family_final_MELIPHAGIDAE,0.0
family_final_MELIACEAE,0.0
order_final_LECANORALES,0.0
order_final_LAMPRIFORMES,0.0
family_final_MOLIDAE,0.0
family_final_MOHOUIDAE,0.0
family_final_MODULATRICIDAE,0.0
class_final_CHONDRICHTHYES,0.0
family_final_MOBULIDAE,0.0
family_final_MITURGIDAE,0.0
family_final_MITSUKURINIDAE,0.0
family_final_MITROSPINGIDAE,0.0
family_final_MIRIDAE,0.0
family_final_XIPHOCARIDIDAE,0.0
family_final_MIMETIDAE,0.0
family_final_MILLEPORIDAE,0.0
family_final_MILACIDAE,0.0
family_final_MIGIDAE,0.0
family_final_MICROSTOMATIDAE,0.0
family_final_MICROSTIGMATIDAE,0.0
family_final_XIMENIACEAE,0.0
order_final_HOOKERIALES,0.0
order_final_HOLOTHYROIDAE,0.0
order_final_HEXANCHIFORMES,0.0
order_final_HETERODONTIFORMES,0.0
order_final_HELOTIALES,0.0
order_final_HALYMENIALES,0.0
order_final_GUNNERALES,0.0
order_final_GRYLLOBLATTODEA,0.0
family_final_MONODACTYLIDAE,0.0
family_final_MONOCENTRIDAE,0.0
family_final_MONILIGASTRIDAE,0.0
family_final_XERONEMATACEAE,0.0
family_final_XENOSAURIDAE,0.0
family_final_MOMOTIDAE,0.0
family_final_MOLLUGINACEAE,0.0
family_final_MUGILIDAE,0.0
family_final_MOTACILLIDAE,0.0
family_final_MOSCHIDAE,0.0
family_final_MORONIDAE,0.0
family_final_MORMOOPIDAE,0.0
family_final_XENOPELTIDAE,0.0
family_final_MORINGACEAE,0.0
family_final_MORIDAE,0.0
family_final_MORDACIIDAE,0.0
family_final_MORABIDAE,0.0
family_final_MONTINIACEAE,0.0
family_final_MONOGNATHIDAE,0.0
family_final_MONODONTIDAE,0.0
order_final_HYMENOPTERA,0.0
order_final_HYMENOPHYLLALES,0.0
order_final_HYMENOCHAETALES,0.0
family_final_MYODOCARPACEAE,0.0
family_final_MYLIOBATIDAE,0.0
family_final_MYCOSPHAERELLACEAE,0.0
family_final_MYCOPORACEAE,0.0
family_final_MYCOCALICIACEAE,0.0
family_final_MYCETOPODIDAE,0.0
family_final_MYCETOPHILIDAE,0.0
family_final_MYCETOPHAGIDAE,0.0
family_final_MYCENACEAE,0.0
family_final_MUSTELIDAE,0.0
family_final_XENODERMIDAE,0.0
family_final_MURIDAE,0.0
family_final_MURICIDAE,0.0
family_final_XENISTHMIDAE,0.0
family_final_MUNTINGIACEAE,0.0
family_final_XENIICAE,0.0
family_final_NARTHECIACEAE,0.0
family_final_NARKIDAE,0.0
family_final_NARCINIDAE,0.0
family_final_NANDINIIDAE,0.0
family_final_WOODSIACEAE,0.0
family_final_NAMACEAE,0.0
family_final_NABIDAE,0.0
family_final_MYXINIDAE,0.0
family_final_MYURIACEAE,0.0
family_final_MYTILIDAE,0.0
family_final_MYSTROPETALACEAE,0.0
family_final_MYSMENIDAE,0.0
family_final_MYROCONGRIDAE,0.0
family_final_MYRMECOPHILIDAE,0.0
family_final_MYRINIACEAE,0.0
family_final_MYRICACEAE,0.0
family_final_ANCHARIIDAE,0.0
family_final_NEOMPHALIDAE,0.0
family_final_NEOLEPETOPSIDAE,0.0
family_final_NEOCYCLOTIDAE,0.0
family_final_NEOCERATODONTIDAE,0.0
family_final_NEOCERATIIDAE,0.0
family_final_NEMOURIDAE,0.0
family_final_ANATIDAE,0.0
family_final_ANASTROPHYLLACEAE,0.0
family_final_NEMATISTIIDAE,0.0
family_final_NEMACHEILIDAE,0.0
family_final_NECKERACEAE,0.0
family_final_NEANURIDAE,0.0
family_final_NAUTILIDAE,0.0
family_final_ANAPIDAE,0.0
family_final_NASIKABATRACHIDAE,0.0
family_final_NOTHOFAGACEAE,0.0
family_final_NOTACANTHIDAE,0.0
family_final_NOT ASSIGNED,0.0
family_final_ANACARDIACEAE,0.0
family_final_NOCTICOLIDAE,0.0
family_final_NITRARIACEAE,0.0
family_final_NICATORIDAE,0.0
family_final_ANACANTHOBATIDAE,0.0
family_final_ANACAMPSEROTACEAE,0.0
family_final_NERITILIIDAE,0.0
family_final_NERITIDAE,0.0
family_final_NEPHROPIDAE,0.0
family_final_NEPHROLEPIDACEAE,0.0
family_final_ANABANTIDAE,0.0
family_final_NEOTEUTHIDAE,0.0
family_final_NEOSITTIDAE,0.0
order_final_GRACILARIALES,0.0
order_final_GONORYNCHIFORMES,0.0
order_final_GOMPHALES,0.0
order_final_GOBIESOCIFORMES,0.0
family_final_AMYLOCORTICIACEAE,0.0
order_final_GLEICHENIALES,0.0
order_final_GINKGOALES,0.0
order_final_GIGARTINALES,0.0
order_final_GEOPHILOMORPHA,0.0
order_final_GEOGLOSSALES,0.0
order_final_GELIDIALES,0.0
family_final_AMPULLARIIDAE,0.0
family_final_NOTOTHENIIDAE,0.0
family_final_NOTOSUDIDAE,0.0
family_final_NOTOPTERIDAE,0.0
family_final_NOTIOMYSTIDAE,0.0
family_final_OCYTHOIDAE,0.0
family_final_OCULINIDAE,0.0
family_final_OCTOPOTEUTHIDAE,0.0
family_final_AMPHITRETIDAE,0.0
family_final_OCTOKNEMACEAE,0.0
family_final_OCTODONTIDAE,0.0
family_final_OCTOCHAETIDAE,0.0
family_final_OCNERODRILIDAE,0.0
family_final_OCHYROCERATIDAE,0.0
family_final_OCHOTONIDAE,0.0
family_final_OCEANITIDAE,0.0
family_final_NYSSACEAE,0.0
family_final_NYMPHAEACEAE,0.0
family_final_AMPHIPTERYGIDAE,0.0
family_final_NYCTAGINACEAE,0.0
family_final_AMPHIMELANIIDAE,0.0
family_final_ONCOPODURIDAE,0.0
family_final_ONCOPODIDAE,0.0
family_final_OMPHALOTACEAE,0.0
family_final_OMMASTREPHIDAE,0.0
family_final_OLPIIDAE,0.0
family_final_OLIGONEURIIDAE,0.0
family_final_OLEANDRACEAE,0.0
family_final_OLEACINIDAE,0.0
family_final_AMPHIBOLIDAE,0.0
family_final_OLACACEAE,0.0
family_final_OEDEMERIDAE,0.0
family_final_OECOPHORIDAE,0.0
family_final_OECOBIIDAE,0.0
family_final_ODONTOCYCLADIDAE,0.0
family_final_ODONTOBATRACHIDAE,0.0
family_final_ODONTASPIDIDAE,0.0
family_final_OPLURIDAE,0.0
family_final_OPLEGNATHIDAE,0.0
family_final_AMANITACEAE,0.0
family_final_OPISTHOTEUTHIDAE,0.0
family_final_OPISTHOPROCTIDAE,0.0
family_final_OPISTHOCOMIDAE,0.0
family_final_OPILIACEAE,0.0
family_final_OPHIOGLOSSACEAE,0.0
family_final_OPHIOCORDYCIPITACEAE,0.0
family_final_OONOPIDAE,0.0
family_final_ONYCHOTEUTHIDAE,0.0
family_final_ONYCHIURIDAE,0.0
family_final_ONOCLEACEAE,0.0
family_final_ONISCIGASTRIDAE,0.0
family_final_ONEIRODIDAE,0.0
family_final_ONCOTHECACEAE,0.0
order_final_GARRYALES,0.0
order_final_FUNARIALES,0.0
order_final_FUCALES,0.0
order_final_FOSSOMBRONIALES,0.0
order_final_FORCIPULATIDA,0.0
order_final_FALCONIFORMES,0.0
order_final_FAGALES,0.0
order_final_EURYPYGIFORMES,0.0
order_final_EUROTIALES,0.0
order_final_EUPHASIACEA,0.0
family_final_ALZATEACEAE,0.0
family_final_OREOSOMATIDAE,0.0
family_final_OREOICIDAE,0.0
family_final_ORECTOLOBIDAE,0.0
family_final_ORCULIDAE,0.0
family_final_ORBITESTELLIDAE,0.0
family_final_OXALIDACEAE,0.0
family_final_OTINIDAE,0.0
family_final_ALYCAEIDAE,0.0
family_final_OSTRACOBERYCIDAE,0.0
family_final_ALTINGIACEAE,0.0
family_final_OSTEOGLOSSIDAE,0.0
family_final_OSMUNDACEAE,0.0
family_final_OSMERIDAE,0.0
family_final_ORYCTEROPODIDAE,0.0
family_final_ORTHOTRICHACEAE,0.0
family_final_ORTHONYCHIDAE,0.0
family_final_ORTHODONTIACEAE,0.0
family_final_ORTHALICIDAE,0.0
order_final_GEASTRALES,0.0
order_final_GAVIIFORMES,0.0
order_final_GASTEROSTEIFORMES,0.0
family_final_PANTODONTIDAE,0.0
family_final_PANNARIACEAE,0.0
family_final_PANGASIIDAE,0.0
family_final_PANDIONIDAE,0.0
family_final_PANACEAE,0.0
family_final_PAMPHAGIDAE,0.0
family_final_PALUDOMIDAE,0.0
family_final_PALPIMANIDAE,0.0
family_final_PALINURIDAE,0.0
family_final_PALAEMONIDAE,0.0
family_final_PAGODULINIDAE,0.0
family_final_PAEONIACEAE,0.0
family_final_PAEDOCYPRIDIDAE,0.0
family_final_PACHYCHILIDAE,0.0
family_final_PACHYBOLIDAE,0.0
family_final_OXYNOTIDAE,0.0
family_final_PARIDAE,0.0
family_final_ALSEUOSMIACEAE,0.0
family_final_PARDALOTIDAE,0.0
family_final_PARAZENIDAE,0.0
family_final_PARAULOPIDAE,0.0
family_final_PARASTACIDAE,0.0
family_final_PARASCYLLIIDAE,0.0
family_final_PARAMYTHIIDAE,0.0
family_final_PARALICHTHODIDAE,0.0
family_final_PARALEPIDIDAE,0.0
family_final_PARADOXOSOMATIDAE,0.0
family_final_ALPHEIDAE,0.0
family_final_ALOPIIDAE,0.0
family_final_PARACRYPHIACEAE,0.0
family_final_PAPAVERACEAE,0.0
family_final_PANURIDAE,0.0
family_final_PELOMEDUSIDAE,0.0
family_final_ALLOPHRYNIDAE,0.0
family_final_PELLORNEIDAE,0.0
family_final_PELECANIDAE,0.0
family_final_PEDETIDAE,0.0
family_final_PAXILLACEAE,0.0
family_final_PAULOWNIACEAE,0.0
family_final_PASSIFLORACEAE,0.0
family_final_PASSERIDAE,0.0
family_final_PASSERELLIDAE,0.0
family_final_PASSALIDAE,0.0
family_final_PARULIDAE,0.0
family_final_PARTULIDAE,0.0
family_final_PARONELLIDAE,0.0
family_final_PARMELIACEAE,0.0
family_final_PARMACELLIDAE,0.0
order_final_ESCALLONIALES,0.0
order_final_EQUISETALES,0.0
order_final_EPHEMEROPTERA,0.0
order_final_EPHEDRALES,0.0
order_final_ENTYLOMATALES,0.0
order_final_ENTOMOBRYOMORPHA,0.0
order_final_ELOPIFORMES,0.0
order_final_DIPSACALES,0.0
order_final_DIPROTODONTIA,0.0
family_final_ALISMATACEAE,0.0
order_final_DILLENIALES,0.0
family_final_PEMPHERIDAE,0.0
family_final_PELTOSPIRIDAE,0.0
family_final_PELTOPERLIDAE,0.0
family_final_PELTIGERACEAE,0.0
family_final_PELTANTHERACEAE,0.0
family_final_PERLIDAE,0.0
family_final_PERISTEDIIDAE,0.0
family_final_ANDRENIDAE,0.0
family_final_PERIDISCACEAE,0.0
family_final_PERCOPSIDAE,0.0
family_final_PERCOPHIDAE,0.0
family_final_PERAMELIDAE,0.0
family_final_PERACEAE,0.0
family_final_PENTHORACEAE,0.0
family_final_ANDREAEACEAE,0.0
family_final_PENTAPHLEBIIDAE,0.0
family_final_PENTANCHIDAE,0.0
family_final_ANCISTROCLADACEAE,0.0
family_final_PENNATULIDAE,0.0
family_final_PENIOPHORACEAE,0.0
order_final_ESOCIFORMES,0.0
family_final_PHALANGOPSIDAE,0.0
family_final_PHALANGERIDAE,0.0
family_final_PHAETHONTIDAE,0.0
family_final_PHAENICOPHILIDAE,0.0
family_final_PEZIZACEAE,0.0
family_final_PEUCEDRAMIDAE,0.0
family_final_PETROPEDETIDAE,0.0
family_final_PETROMYZONTIDAE,0.0
family_final_PETROICIDAE,0.0
family_final_PETIVERIACEAE,0.0
family_final_PETENAEACEAE,0.0
family_final_ANTHOCORIDAE,0.0
family_final_PETALOPHYLLACEAE,0.0
family_final_PERTUSARIACEAE,0.0
family_final_PERSONIELLACEAE,0.0
family_final_PERLODIDAE,0.0
family_final_PHOENICOPTERIDAE,0.0
family_final_PHOCOENIDAE,0.0
family_final_PHOCIDAE,0.0
family_final_PHLYCTIDACEAE,0.0
family_final_PHILOSCIIDAE,0.0
family_final_ANTHOCEROTACEAE,0.0
family_final_PHILOGANGIDAE,0.0
family_final_PHILODROMIDAE,0.0
family_final_PHILEPITTIDAE,0.0
family_final_PHENACOLEPADIDAE,0.0
family_final_PHASMATIDAE,0.0
family_final_ANTHICIDAE,0.0
family_final_PHARIDAE,0.0
family_final_PHANEROCHAETACEAE,0.0
family_final_ANTENNARIIDAE,0.0
family_final_PHALLACEAE,0.0
family_final_PHYLLOSCOPIDAE,0.0
family_final_PHYLLONOMACEAE,0.0
family_final_PHYLLIIDAE,0.0
family_final_PHYCOLEPIDOZIACEAE,0.0
family_final_PHYCIDAE,0.0
family_final_ANSERANATIDAE,0.0
family_final_PHRYNOBATRACHIDAE,0.0
family_final_PHRYNICHIDAE,0.0
family_final_PHRACTOLAEMIDAE,0.0
family_final_ANOTOPTERIDAE,0.0
family_final_PHORIDAE,0.0
family_final_PHOLIDOTEUTHIDAE,0.0
family_final_PHOLIDICHTHYIDAE,0.0
family_final_PHOLIDAE,0.0
family_final_PHOLCIDAE,0.0
family_final_PHOENICULIDAE,0.0
order_final_DERMOPTERA,0.0
order_final_DERMAPTERA,0.0
order_final_DENDROCEROTALES,0.0
order_final_DECAPODA,0.0
order_final_DASYUROMORPHIA,0.0
order_final_DACRYMYCETALES,0.0
order_final_CYTTARIALES,0.0
order_final_CYCLONERITIDA,0.0
order_final_CYATHEALES,0.0
family_final_PHYXELIDIDAE,0.0
family_final_PHYTOLACCACEAE,0.0
family_final_ANOSTOSTOMATIDAE,0.0
family_final_PHYSETERIDAE,0.0
family_final_PHYSENACEAE,0.0
family_final_PHYSCIACEAE,0.0
family_final_PHYSALACRIACEAE,0.0
family_final_PITYRIASIDAE,0.0
family_final_ANOPLOGASTRIDAE,0.0
family_final_PITTIDAE,0.0
family_final_ANOMALURIDAE,0.0
family_final_ANNIELLIDAE,0.0
family_final_PINNIDAE,0.0
family_final_ANILIIDAE,0.0
family_final_PINACEAE,0.0
family_final_ANHINGIDAE,0.0
family_final_PILOTRICHACEAE,0.0
family_final_PICRAMNIACEAE,0.0
family_final_PICATHARTIDAE,0.0
order_final_DIDELPHIMORPHIA,0.0
order_final_DICTYOTALES,0.0
order_final_DICRANALES,0.0
order_final_DESMARESTIALES,0.0
family_final_PLEUROCERIDAE,0.0
family_final_ANHIMIDAE,0.0
family_final_PLESIASTREIDAE,0.0
family_final_PLEROGYRIDAE,0.0
family_final_PLECTROGENIDAE,0.0
family_final_PLATYTROCTIDAE,0.0
family_final_PLATYRHINIDAE,0.0
family_final_PLATYLOPHIDAE,0.0
family_final_PLATYCRANIDAE,0.0
family_final_PLATYCEPHALIDAE,0.0
family_final_PLATYARTHRIDAE,0.0
family_final_PLATANISTIDAE,0.0
family_final_AMARANTHACEAE,0.0
family_final_PLANORBIDAE,0.0
family_final_PLANAXIDAE,0.0
family_final_PLAGIOCHILACEAE,0.0
family_final_PODOCARPACEAE,0.0
family_final_PODICIPEDIDAE,0.0
family_final_AQUIFOLIACEAE,0.0
family_final_POCILLOPORIDAE,0.0
family_final_PNOEPYGIDAE,0.0
family_final_PNEUMORIDAE,0.0
family_final_PLUVIANIDAE,0.0
family_final_PLUVIANELLIDAE,0.0
family_final_PLUTEACEAE,0.0
family_final_PLUMBAGINACEAE,0.0
family_final_APTERYGIDAE,0.0
family_final_PLOCOSPERMATACEAE,0.0
family_final_PLEUROZIACEAE,0.0
family_final_PLEUROTACEAE,0.0
family_final_PLEURONECTIDAE,0.0
family_final_PLEURODISCIDAE,0.0
family_final_APTANDRACEAE,0.0
order_final_CRASSICLITELLATA,0.0
order_final_CORYNELIALES,0.0
order_final_CORTICIALES,0.0
order_final_CORNALES,0.0
order_final_COLUMBIFORMES,0.0
order_final_COLIIFORMES,0.0
order_final_COELACANTHIFORMES,0.0
order_final_CINGULATA,0.0
family_final_POLYCHELIDAE,0.0
family_final_POLYCENTRIDAE,0.0
family_final_POLIOPTILIDAE,0.0
family_final_POLEMONIACEAE,0.0
family_final_APONOGETONACEAE,0.0
family_final_PODOSTEMACEAE,0.0
family_final_PODOCTIDAE,0.0
family_final_APLOACTINIDAE,0.0
family_final_APIDAE,0.0
family_final_POLYTRICHACEAE,0.0
family_final_POLYPTERIDAE,0.0
family_final_POLYPRIONIDAE,0.0
family_final_POLYPORACEAE,0.0
family_final_POLYPODIACEAE,0.0
family_final_POLYPHAGIDAE,0.0
family_final_APIACEAE,0.0
family_final_POLYNEMIDAE,0.0
family_final_POLYMIXIIDAE,0.0
family_final_POLYGYRIDAE,0.0
family_final_POLYGONACEAE,0.0
family_final_POLYDESMIDAE,0.0
family_final_APHREDODERIDAE,0.0
order_final_CROSSOSOMATALES,0.0
family_final_PRIMNOIDAE,0.0
family_final_PRIACANTHIDAE,0.0
family_final_POTTIACEAE,0.0
family_final_POTOROIDAE,0.0
family_final_POTAMOTRYGONIDAE,0.0
family_final_POTAMONAUTIDAE,0.0
family_final_POTAMOGETONACEAE,0.0
family_final_POTAMIDIDAE,0.0
family_final_POTAMIDAE,0.0
family_final_APHLOIACEAE,0.0
family_final_PORTULACACEAE,0.0
family_final_PORITIDAE,0.0
family_final_PORELLACEAE,0.0
family_final_PONTOPORIIDAE,0.0
family_final_PONTEDERIACEAE,0.0
family_final_POMATOSTOMIDAE,0.0
order_final_CERATOPHYLLALES,0.0
order_final_CERATODONTIFORMES,0.0
order_final_CERAMIALES,0.0
order_final_CAVIBELONIA,0.0
family_final_PROMEROPIDAE,0.0
family_final_APHELINIDAE,0.0
family_final_PRODIDOMIDAE,0.0
family_final_PROCYONIDAE,0.0
family_final_ANTHRIBIDAE,0.0
family_final_PROCAVIIDAE,0.0
family_final_PRISTIOPHORIDAE,0.0
family_final_PRISTILOMATIDAE,0.0
family_final_PRISTIGASTERIDAE,0.0
family_final_PRISTIDAE,0.0
family_final_PRIONODONTIDAE,0.0
family_final_ANTHRACOIDEACEAE,0.0
family_final_PSEUDOCOCCIDAE,0.0
family_final_PSEUDOCARCHARIIDAE,0.0
family_final_PSEUDASPIDIDAE,0.0
family_final_PSEUDAPHRITIDAE,0.0
family_final_PSAMMOCORIDAE,0.0
family_final_PRUNELLIDAE,0.0
family_final_PROVANNIDAE,0.0
family_final_PROTOPTILIDAE,0.0
family_final_PROTOPTERIDAE,0.0
family_final_PROTOCHITONIDAE,0.0
family_final_PROSYMNIDAE,0.0
family_final_PROSCYLLIIDAE,0.0
order_final_CICONIIFORMES,0.0
order_final_CHIMAERIFORMES,0.0
order_final_CHARALES,0.0
order_final_CETOMIMIFORMES,0.0
family_final_PTEROCLIDAE,0.0
family_final_PTEROBRYACEAE,0.0
family_final_PTERIGYNANDRACEAE,0.0
family_final_PTERIDACEAE,0.0
family_final_PSYLLIDAE,0.0
family_final_PSYCHROTEUTHIDAE,0.0
family_final_PSYCHROLUTIDAE,0.0
family_final_PSOPHODIDAE,0.0
family_final_PSOPHIIDAE,0.0
family_final_PSILOTACEAE,0.0
family_final_PSILORHYNCHIDAE,0.0
family_final_PSEUDOXYRHOPHIIDAE,0.0
family_final_ANTHOMYIIDAE,0.0
family_final_PSEUDOTRIAKIDAE,0.0
family_final_PSEUDOTHELPHUSIDAE,0.0
family_final_PSEUDOPIMELODIDAE,0.0
family_final_PYROPELTIDAE,0.0
family_final_PYRONEMATACEAE,0.0
family_final_PYRGOMORPHIDAE,0.0
family_final_PYRGODESMIDAE,0.0
family_final_PYRGACRIDIDAE,0.0
family_final_PYRAMIDULIDAE,0.0
family_final_PYRALIDAE,0.0
family_final_ALEPISAURIDAE,0.0
family_final_PUPINIDAE,0.0
family_final_PUPILLIDAE,0.0
family_final_PUNCTIDAE,0.0
family_final_PTYCHOMITRIACEAE,0.0
family_final_PTINIDAE,0.0
family_final_PTILONORHYNCHIDAE,0.0
family_final_ALCIPPEIDAE,0.0
family_final_PTEROPHORIDAE,0.0
order_final_CANTHARELLALES,0.0
order_final_CANELLALES,0.0
order_final_CALICIALES,0.0
order_final_BUXALES,0.0
order_final_BRYOXIPHIALES,0.0
family_final_ALBULIDAE,0.0
order_final_BRUNIALES,0.0
order_final_BRASSICALES,0.0
family_final_RAFFLESIACEAE,0.0
family_final_RADULACEAE,0.0
family_final_RADIICEPHALIDAE,0.0
family_final_RACHYCENTRIDAE,0.0
family_final_QUILLAJACEAE,0.0
family_final_Pseudophasmatidae,0.0
family_final_ALBATRELLACEAE,0.0
family_final_ALAUDIDAE,0.0
family_final_ALARIACEAE,0.0
family_final_AKYSIDAE,0.0
family_final_RESEDACEAE,0.0
family_final_REMIZIDAE,0.0
family_final_REGULIDAE,0.0
family_final_REGALECIDAE,0.0
family_final_REDUVIIDAE,0.0
family_final_RECURVIROSTRIDAE,0.0
family_final_RANUNCULACEAE,0.0
family_final_RANIXALIDAE,0.0
family_final_AKANIACEAE,0.0
family_final_RAMALINACEAE,0.0
order_final_CARIAMIFORMES,0.0
order_final_CARDIOPTERIDALES,0.0
order_final_CARDIIDA,0.0
order_final_CARCHARHINIFORMES,0.0
family_final_RHINOCRYPTIDAE,0.0
family_final_RHINOCHIMAERIDAE,0.0
family_final_RHINOCEROTIDAE,0.0
family_final_RHINOBATIDAE,0.0
family_final_RHINIDAE,0.0
family_final_RHINEURIDAE,0.0
family_final_AILIIDAE,0.0
family_final_RHEIDAE,0.0
family_final_RHAPHIDOPHORIDAE,0.0
family_final_AGROMYZIDAE,0.0
family_final_RHAMNACEAE,0.0
family_final_RHAGOPHTHALMIDAE,0.0
family_final_RHAGOLOGIDAE,0.0
family_final_RHACHITHECIACEAE,0.0
family_final_RHABDOWEISIACEAE,0.0
family_final_RHABDODENDRACEAE,0.0
family_final_RHYNOCHETIDAE,0.0
family_final_RHYACOTRITONIDAE,0.0
family_final_RHYACICHTHYIDAE,0.0
family_final_AGRIOLIMACIDAE,0.0
family_final_RHODOMELACEAE,0.0
family_final_RHODINOCICHLIDAE,0.0
family_final_RHIZOPOGONACEAE,0.0
family_final_ARAUCARIACEAE,0.0
family_final_RHIZANGIIDAE,0.0
family_final_ARANEIDAE,0.0
family_final_RHINOPTERIDAE,0.0
family_final_RHINOPOMATIDAE,0.0
family_final_RHINOPHRYNIDAE,0.0
family_final_RHINONYCTERIDAE,0.0
family_final_RHINOLOPHIDAE,0.0
family_final_RHINODRILIDAE,0.0
family_final_SALANGIDAE,0.0
family_final_SAGITTARIIDAE,0.0
family_final_SACCOPHARYNGIDAE,0.0
family_final_SACCOLOMATACEAE,0.0
family_final_RUTELIDAE,0.0
family_final_RUTACEAE,0.0
family_final_RUSSULACEAE,0.0
family_final_RUPPIACEAE,0.0
family_final_ROSTRATULIDAE,0.0
family_final_RONDELETIIDAE,0.0
family_final_ROMALEIDAE,0.0
family_final_ROCCELLACEAE,0.0
family_final_ARAMIDAE,0.0
family_final_RIMANELLIDAE,0.0
family_final_RICCIACEAE,0.0
family_final_RHYTIDIDAE,0.0
order_final_BERBERIDOPSIDALES,0.0
order_final_BELONIFORMES,0.0
order_final_BATRACHOIDIFORMES,0.0
order_final_BATHYTEUTHIDA,0.0
order_final_BARTRAMIALES,0.0
order_final_AUSTROBAILEYALES,0.0
order_final_AURICULARIALES,0.0
order_final_ATHELIALES,0.0
order_final_ATELEOPODIFORMES,0.0
family_final_SAMOIDAE,0.0
family_final_AROMOBATIDAE,0.0
family_final_SALVINIACEAE,0.0
family_final_ARMADILLIDAE,0.0
family_final_SALTICIDAE,0.0
family_final_SALICACEAE,0.0
family_final_SALDIDAE,0.0
family_final_SCARABAEIDAE,0.0
family_final_SCAPHIOPODIDAE,0.0
family_final_SCAPANIACEAE,0.0
family_final_SAXIFRAGACEAE,0.0
family_final_SAURURACEAE,0.0
family_final_SATURNIIDAE,0.0
family_final_SARRACENIACEAE,0.0
family_final_SARGASSACEAE,0.0
family_final_SARCOSOMATACEAE,0.0
family_final_SARCOSCYPHACEAE,0.0
family_final_SARCOBATACEAE,0.0
family_final_SAPINDACEAE,0.0
family_final_SAPAYOIDAE,0.0
order_final_BORAGINALES,0.0
order_final_BOLETALES,0.0
order_final_BLATTODEA,0.0
family_final_SCOMBERESOCIDAE,0.0
family_final_SCOLOPLACIDAE,0.0
family_final_SCOLOPACIDAE,0.0
family_final_ARIOPHANTIDAE,0.0
family_final_SCLEROTINIACEAE,0.0
family_final_SCLEROGASTRACEAE,0.0
family_final_SCLERODERMATACEAE,0.0
family_final_SCHOEPFIACEAE,0.0
family_final_ARIONIDAE,0.0
family_final_SCHIZYMENIACEAE,0.0
family_final_SCHISANDRACEAE,0.0
family_final_SCHINDLERIIDAE,0.0
family_final_ARIOMMATIDAE,0.0
family_final_SCHEUCHZERIACEAE,0.0
family_final_SCHELORIBATIDAE,0.0
family_final_SCATOPHAGIDAE,0.0
family_final_SEMATOPHYLLACEAE,0.0
family_final_SELIGERIACEAE,0.0
family_final_SELENOPIDAE,0.0
family_final_SELAGINELLACEAE,0.0
family_final_SEGUENZIOIDEA,0.0
family_final_SEGESTRIIDAE,0.0
family_final_SEBASTIDAE,0.0
family_final_SCYTODIDAE,0.0
family_final_SCYLIORHINIDAE,0.0
family_final_SCUTIGERIDAE,0.0
family_final_SCOPURIDAE,0.0
family_final_SCOPIDAE,0.0
family_final_ARGYRESTHIIDAE,0.0
family_final_SCOPELARCHIDAE,0.0
family_final_SCOMBROLABRACIDAE,0.0
family_final_SCOMBRIDAE,0.0
order_final_ARCHITAENIOGLOSSA,0.0
order_final_ARCHIDIALES,0.0
order_final_ARCHAEOGNATHA,0.0
order_final_ARANEAE,0.0
order_final_AQUIFOLIALES,0.0
order_final_ANTHOCEROTALES,0.0
order_final_ANTHOATHECATA,0.0
order_final_ANSERIFORMES,0.0
family_final_ARGONAUTIDAE,0.0
family_final_SERPULACEAE,0.0
family_final_SERPENTICOBITIDAE,0.0
family_final_ARGNIDAE,0.0
family_final_SEPIIDAE,0.0
family_final_SEPIADARIIDAE,0.0
family_final_SEMNORNITHIDAE,0.0
family_final_SEMISULCOSPIRIDAE,0.0
family_final_SIPHONOTIDAE,0.0
family_final_SIPHONOPHORIDAE,0.0
family_final_SINIPERCIDAE,0.0
family_final_SIMULIIDAE,0.0
family_final_SIMROTHIELIIDAE,0.0
family_final_SIMAROUBACEAE,0.0
family_final_SILLAGINIDAE,0.0
family_final_SIGANIDAE,0.0
family_final_SIBYNOPHIIDAE,0.0
family_final_SIALIDAE,0.0
family_final_SHINISAURIDAE,0.0
family_final_SETARCHIDAE,0.0
family_final_SESARMIDAE,0.0
family_final_ARGENTINIDAE,0.0
order_final_ARTHONIALES,0.0
order_final_ARCIDA,0.0
family_final_SPALACIDAE,0.0
family_final_SOOGLOSSIDAE,0.0
family_final_SOMNIOSIDAE,0.0
family_final_SOLENOSTOMIDAE,0.0
family_final_SOLENOSTOMATACEAE,0.0
family_final_SOLENIDAE,0.0
family_final_SOLEMYIDAE,0.0
family_final_ARDEIDAE,0.0
family_final_SOLECURTIDAE,0.0
family_final_SOLANACEAE,0.0
family_final_SMINTHURIDAE,0.0
family_final_SMINTHIDAE,0.0
family_final_SMILACACEAE,0.0
family_final_SLADENIACEAE,0.0
family_final_SKENEIDAE,0.0
family_final_SIRENIDAE,0.0
family_final_SPIRULIDAE,0.0
family_final_SPIROSTREPTIDAE,0.0
family_final_SPIROBOLELIIDAE,0.0
family_final_SPIRAXIDAE,0.0
family_final_SPINDALIDAE,0.0
family_final_SPHYRNIDAE,0.0
family_final_ARCIDAE,0.0
family_final_SPHENOCLEACEAE,0.0
family_final_SPHAGNACEAE,0.0
family_final_SPHAEROCERIDAE,0.0
family_final_SPHAEROCARPACEAE,0.0
family_final_SPHAERIIDAE,0.0
family_final_SPELAEODISCIDAE,0.0
family_final_SPELAEOCONCHIDAE,0.0
family_final_SPARIDAE,0.0
family_final_SPARASSIDAE,0.0
family_final_ARCHITEUTHIDAE,0.0
family_final_STEPHANOSPORACEAE,0.0
family_final_STEPHANOBERYCIDAE,0.0
family_final_ARCHIDIACEAE,0.0
family_final_ARCHAEIDAE,0.0
family_final_STEMONURACEAE,0.0
family_final_STEMMIULIDAE,0.0
family_final_STEGOSTOMIDAE,0.0
family_final_STEATORNITHIDAE,0.0
family_final_STATHMOPODIDAE,0.0
family_final_STAPHYLINIDAE,0.0
family_final_STAPHYLEACEAE,0.0
family_final_STACHYURACEAE,0.0
family_final_SQUATINIDAE,0.0
family_final_SQUALIDAE,0.0
family_final_SPLACHNACEAE,0.0
family_final_STROMBOSIACEAE,0.0
family_final_ALEPOCEPHALIDAE,0.0
family_final_STROBILOPSIDAE,0.0
family_final_STRIGOPIDAE,0.0
family_final_AEXTOXICACEAE,0.0
family_final_STREPTAXIDAE,0.0
family_final_STRELITZIACEAE,0.0
family_final_STRATIOMYIDAE,0.0
family_final_STRASBURGERIACEAE,0.0
family_final_STICHOPODIDAE,0.0
family_final_STICHAEIDAE,0.0
family_final_AETOBATIDAE,0.0
family_final_AEGITHINIDAE,0.0
family_final_STERIOPSIDACEAE,0.0
family_final_STEREOCAULACEAE,0.0
family_final_STEREACEAE,0.0
order_final_ANDREAEALES,0.0
order_final_AMYLOCORTICIALES,0.0
order_final_AMPHIPODA,0.0
order_final_AMIIFORMES,0.0
order_final_AMBORELLALES,0.0
order_final_AMBLYPYGI,0.0
order_final_ALCYONACEA,0.0
order_final_ALBULIFORMES,0.0
order_final_AGELASIDA,0.0
order_final_AFROSORICIDA,0.0
order_final_ADAPEDONTA,0.0
family_final_SUCCINEIDAE,0.0
family_final_STYRACACEAE,0.0
family_final_STYLEPHORIDAE,0.0
family_final_STRUTHIONIDAE,0.0
family_final_STROPHARIACEAE,0.0
family_final_SYNGNATHIDAE,0.0
family_final_SYNBRANCHIDAE,0.0
family_final_AEGITHALIDAE,0.0
family_final_SYNANCEIIDAE,0.0
family_final_ADRIANICHTHYIDAE,0.0
family_final_SYMPHYTOGNATHIDAE,0.0
family_final_SYMPHYSANODONTIDAE,0.0
family_final_SYLVIIDAE,0.0
family_final_SYARINIDAE,0.0
family_final_SUTILIZONIDAE,0.0
family_final_ACTINIIDAE,0.0
family_final_SUNDASALANGIDAE,0.0
family_final_SULIDAE,0.0
family_final_SUILLACEAE,0.0
family_final_SUIDAE,0.0
order_final_ANOSTRACA,0.0
family_final_ASPREDINIDAE,0.0
family_final_TAYASSUIDAE,0.0
family_final_TAXACEAE,0.0
family_final_ASCAPHIDAE,0.0
family_final_TARSIPEDIDAE,0.0
family_final_TARSIIDAE,0.0
family_final_TAPISCIACEAE,0.0
family_final_TAPINELLACEAE,0.0
family_final_TAMARICACEAE,0.0
family_final_TALPIDAE,0.0
family_final_TALITRIDAE,0.0
family_final_TALINACEAE,0.0
family_final_TAKAKIACEAE,0.0
family_final_TACHYGLOSSIDAE,0.0
family_final_TACCACEAE,0.0
family_final_SYNLESTIDAE,0.0
family_final_TETRAMELACEAE,0.0
family_final_TETRAGONURIDAE,0.0
family_final_TETRAGNATHIDAE,0.0
family_final_TETRABRACHIIDAE,0.0
family_final_TETRABLEMMIDAE,0.0
family_final_TESTACELLIDAE,0.0
family_final_TERMITIDAE,0.0
family_final_TERETISTRIDAE,0.0
family_final_TERAPONTIDAE,0.0
family_final_TEPHRITIDAE,0.0
family_final_TENRECIDAE,0.0
family_final_TENEBRIONIDAE,0.0
family_final_TELOSCHISTACEAE,0.0
family_final_TELMATHERINIDAE,0.0
family_final_TELEMIDAE,0.0
family_final_TECTARIACEAE,0.0
family_final_ARTHROSPHAERIDAE,0.0
family_final_THINOCORIDAE,0.0
family_final_THIARIDAE,0.0
family_final_THERIDIOSOMATIDAE,0.0
family_final_THERIDIIDAE,0.0
family_final_THERICLEIDAE,0.0
family_final_THERAPHOSIDAE,0.0
family_final_ARTHOPYRENIACEAE,0.0
family_final_THELEPHORACEAE,0.0
family_final_ARTHONIACEAE,0.0
family_final_THAUMATONEURIDAE,0.0
family_final_THAUMATICHTHYIDAE,0.0
family_final_TETRIGIDAE,0.0
family_final_TETRATOMIDAE,0.0
family_final_TETRAROGIDAE,0.0
family_final_TETRAMERISTACEAE,0.0
order_final_ACAROSPORALES,0.0
class_final_USTILAGINOMYCETES,0.0
class_final_TAKAKIOPSIDA,0.0
class_final_SPHAGNOPSIDA,0.0
class_final_SORDARIOMYCETES,0.0
class_final_SOLENOGASTRES,0.0
class_final_SARCOPTERYGII,0.0
class_final_POLYTRICHOPSIDA,0.0
class_final_POLYPODIOPSIDA,0.0
class_final_POLYPLACOPHORA,0.0
class_final_PINOPSIDA,0.0
family_final_THUIDIACEAE,0.0
family_final_THRIPIDAE,0.0
family_final_ARTEDIDRACONIDAE,0.0
family_final_THOMISIDAE,0.0
family_final_THOMANDERSIACEAE,0.0
family_final_TRACHINIDAE,0.0
family_final_ATRICHORNITHIDAE,0.0
family_final_TOXOTIDAE,0.0
family_final_ATHORACOPHORIDAE,0.0
family_final_TORPEDINIDAE,0.0
family_final_TORNIDAE,0.0
family_final_TODIDAE,0.0
family_final_TITYRIDAE,0.0
family_final_TIPULIDAE,0.0
family_final_TINAMIDAE,0.0
family_final_TICODENDRACEAE,0.0
family_final_THYSANOTEUTHIDAE,0.0
family_final_THYASIRIDAE,0.0
family_final_THURNIACEAE,0.0
order_final_ACTINIARIA,0.0
order_final_ACORALES,0.0
family_final_TRIMENIACEAE,0.0
family_final_TRIGONIDIIDAE,0.0
family_final_TRIGONIACEAE,0.0
family_final_TRIGLIDAE,0.0
family_final_TRIDENCHTHONIIDAE,0.0
family_final_TRICHONOTIDAE,0.0
family_final_TRICHOMYCTERIDAE,0.0
family_final_TRICHOLOMATACEAE,0.0
family_final_TRICHODACTYLIDAE,0.0
family_final_TRICHIURIDAE,0.0
family_final_TRIAENONYCHIDAE,0.0
family_final_TRIACANTHODIDAE,0.0
family_final_ATHERINIDAE,0.0
family_final_TREMOCTOPODIDAE,0.0
family_final_TRAGULIDAE,0.0
family_final_TRACHIPTERIDAE,0.0
family_final_TUPAIIDAE,0.0
family_final_TULLBERGIIDAE,0.0
family_final_TUBIPORIDAE,0.0
family_final_TRYGONORRHINIDAE,0.0
family_final_TRUNCATELLINIDAE,0.0
family_final_ATHELIACEAE,0.0
family_final_TROPAEOLACEAE,0.0
family_final_TROGOSITIDAE,0.0
family_final_TROGONOPHIDAE,0.0
family_final_TROGONIDAE,0.0
family_final_TROGLODYTIDAE,0.0
family_final_TRIURIDACEAE,0.0
family_final_TRISSEXODONTIDAE,0.0
family_final_ATEMNIDAE,0.0
family_final_TRIOPSIDAE,0.0
family_final_ATELEOPODIDAE,0.0
class_final_NOT ASSIGNED,0.0
class_final_MYXINI,0.0
class_final_MARCHANTIOPSIDA,0.0
class_final_LYCOPODIOPSIDA,0.0
class_final_LEOTIOMYCETES,0.0
class_final_LECANOROMYCETES,0.0
class_final_JUNGERMANNIOPSIDA,0.0
class_final_HYDROZOA,0.0
family_final_UMBRIDAE,0.0
family_final_UMBILICARIACEAE,0.0
family_final_ASTROCOENIIDAE,0.0
family_final_TYTONIDAE,0.0
family_final_ASTEROPEIACEAE,0.0
family_final_ASTERIIDAE,0.0
family_final_TYPHLOCARIDIDAE,0.0
family_final_TURNICIDAE,0.0
family_final_VELIFERIDAE,0.0
family_final_ASTACIDAE,0.0
family_final_AGONIDAE,0.0
family_final_VALLONIIDAE,0.0
family_final_VALENCIIDAE,0.0
family_final_VAILLANTELLIDAE,0.0
family_final_VAHLIACEAE,0.0
family_final_URSIDAE,0.0
family_final_UROTRYGONIDAE,0.0
family_final_UROLOPHIDAE,0.0
family_final_URANOSCOPIDAE,0.0
family_final_UPUPIDAE,0.0
family_final_UNIONIDAE,0.0
class_final_PHAEOPHYCEAE,0.0
class_final_PEZIZOMYCETES,0.0
class_final_PETROMYZONTI,0.0
family_final_WINTERACEAE,0.0
family_final_WELLSTEDIACEAE,0.0
family_final_VOMBATIDAE,0.0
family_final_VIVIPARIDAE,0.0
family_final_VIVERRIDAE,0.0
family_final_VITRINIDAE,0.0
family_final_VITACEAE,0.0
family_final_VIREONIDAE,0.0
family_final_VIOLACEAE,0.0
family_final_AGARICIIDAE,0.0
family_final_VICTORGORGIIDAE,0.0
family_final_VIBURNACEAE,0.0
family_final_VESICOMYIDAE,0.0
family_final_VERTIGINIDAE,0.0
family_final_VERONICELLIDAE,0.0
family_final_AGARICACEAE,0.0
family_final_WITHIIDAE,0.0
class_final_CHAROPHYACEAE,0.0
class_final_BIVALVIA,0.0
class_final_ASTEROIDEA,0.0
class_final_ARTHONIOMYCETES,0.0
class_final_ANTHOZOA,0.0
class_final_ANTHOCEROTOPSIDA,0.0
class_final_ANDREAEOPSIDA,0.0
class_final_AGARICOMYCETES,0.0
class_final_HOLOTHUROIDEA,0.0
class_final_GINKGOOPSIDA,0.0
class_final_GEOGLOSSOMYCETES,0.0
class_final_FLORIDEOPHYCEAE,0.0
class_final_EXOBASIDIOMYCETES,0.0
class_final_EUROTIOMYCETES,0.0
class_final_DEMOSPONGIAE,0.0
class_final_DOTHIDEOMYCETES,0.0
family_final_AMMOXENIDAE,0.0
family_final_AGARDHIELLIDAE,0.0
family_final_AMIIDAE,0.0
family_final_AMBORELLACEAE,0.0
family_final_AMBLYSTEGIACEAE,0.0
family_final_AMBLYOPSIDAE,0.0
family_final_BANKERACEAE,0.0
family_final_AMAUROBIIDAE,0.0
family_final_ZODARIIDAE,0.0
family_final_ZOARCIDAE,0.0
family_final_ZIPHIIDAE,0.0
family_final_ZEPHRONIIDAE,0.0
family_final_ZENIONIDAE,0.0
family_final_ZENARCHOPTERIDAE,0.0
class_final_CHILOPODA,0.0
